"","long","lat","species","continent","year"
"1",-114.157769,43.3136,"Mantis religiosa","NORTH_AMERICA",2018
"2",-118.306652,34.049401,"Mantis religiosa","NORTH_AMERICA",2025
"3",-121.778392,36.684499,"Mantis religiosa","NORTH_AMERICA",2023
"4",-122.874935,45.88862,"Mantis religiosa","NORTH_AMERICA",2019
"5",-122.797722,45.646038,"Mantis religiosa","NORTH_AMERICA",2020
"6",-119.400987,49.943762,"Mantis religiosa","NORTH_AMERICA",2018
"7",-117.173942,46.725995,"Mantis religiosa","NORTH_AMERICA",2021
"8",-121.741937,37.292159,"Mantis religiosa","NORTH_AMERICA",2024
"9",-118.322461,46.003693,"Mantis religiosa","NORTH_AMERICA",2025
"10",-109.55376,38.572101,"Mantis religiosa","NORTH_AMERICA",2016
"11",-123.201579,43.332568,"Mantis religiosa","NORTH_AMERICA",2025
"12",-123.274609,38.584259,"Mantis religiosa","NORTH_AMERICA",2025
"13",-122.611049,45.499241,"Mantis religiosa","NORTH_AMERICA",2022
"14",-120.324067,47.361462,"Mantis religiosa","NORTH_AMERICA",2022
"15",-122.276663,45.405555,"Mantis religiosa","NORTH_AMERICA",2024
"16",-111.9317,40.756469,"Mantis religiosa","NORTH_AMERICA",2023
"17",-116.919472,32.713322,"Mantis religiosa","NORTH_AMERICA",2020
"18",-121.740384,37.203148,"Mantis religiosa","NORTH_AMERICA",2022
"19",-111.86335,40.873531,"Mantis religiosa","NORTH_AMERICA",2022
"20",-117.009075,46.724892,"Mantis religiosa","NORTH_AMERICA",2021
"21",-117.370773,47.734065,"Mantis religiosa","NORTH_AMERICA",2022
"22",-121.166902,45.596043,"Mantis religiosa","NORTH_AMERICA",2025
"23",-121.503296,45.812051,"Mantis religiosa","NORTH_AMERICA",2017
"24",-121.568837,45.702964,"Mantis religiosa","NORTH_AMERICA",2025
"25",-111.801792,40.343509,"Mantis religiosa","NORTH_AMERICA",2022
"26",-120.881019,38.811159,"Mantis religiosa","NORTH_AMERICA",2024
"27",-118.459397,34.352787,"Mantis religiosa","NORTH_AMERICA",2024
"28",-121.760245,42.208099,"Mantis religiosa","NORTH_AMERICA",2023
"29",-122.302658,38.295747,"Mantis religiosa","NORTH_AMERICA",2025
"30",-122.625528,38.244255,"Mantis religiosa","NORTH_AMERICA",2023
"31",-111.818205,41.772708,"Mantis religiosa","NORTH_AMERICA",2020
"32",-119.608025,49.127674,"Mantis religiosa","NORTH_AMERICA",2024
"33",-122.585342,49.051628,"Mantis religiosa","NORTH_AMERICA",2022
"34",-119.517926,49.052263,"Mantis religiosa","NORTH_AMERICA",2022
"35",-119.401695,50.182667,"Mantis religiosa","NORTH_AMERICA",2024
"36",-122.318354,45.33249,"Mantis religiosa","NORTH_AMERICA",2024
"37",-116.88513,32.912709,"Mantis religiosa","NORTH_AMERICA",2020
"38",-122.938748,42.420994,"Mantis religiosa","NORTH_AMERICA",2019
"39",-119.581751,48.368906,"Mantis religiosa","NORTH_AMERICA",2022
"40",-116.177684,43.621991,"Mantis religiosa","NORTH_AMERICA",2023
"41",-120.740139,47.671239,"Mantis religiosa","NORTH_AMERICA",2021
"42",-117.562328,47.937559,"Mantis religiosa","NORTH_AMERICA",2021
"43",-120.336385,46.307306,"Mantis religiosa","NORTH_AMERICA",2024
"44",-119.672222,49.369288,"Mantis religiosa","NORTH_AMERICA",2024
"45",-123.039219,44.026228,"Mantis religiosa","NORTH_AMERICA",2014
"46",-117.667126,49.325013,"Mantis religiosa","NORTH_AMERICA",2024
"47",-108.354003,39.111,"Mantis religiosa","NORTH_AMERICA",2023
"48",-105.205582,40.42448,"Mantis religiosa","NORTH_AMERICA",2019
"49",-112.3606,42.68274,"Mantis religiosa","NORTH_AMERICA",2021
"50",-112.450992,42.895569,"Mantis religiosa","NORTH_AMERICA",2021
"51",-117.23239,46.509912,"Mantis religiosa","NORTH_AMERICA",2021
"52",-122.560664,46.943356,"Mantis religiosa","NORTH_AMERICA",2024
"53",-117.225097,45.350567,"Mantis religiosa","NORTH_AMERICA",2023
"54",-99.171744,19.519825,"Mantis religiosa","NORTH_AMERICA",2024
"55",-119.639988,47.142608,"Mantis religiosa","NORTH_AMERICA",2024
"56",-117.578084,49.012893,"Mantis religiosa","NORTH_AMERICA",2022
"57",-119.637668,49.565391,"Mantis religiosa","NORTH_AMERICA",2020
"58",-119.516296,49.519685,"Mantis religiosa","NORTH_AMERICA",2014
"59",-121.85484,37.166665,"Mantis religiosa","NORTH_AMERICA",2024
"60",-114.030155,47.828568,"Mantis religiosa","NORTH_AMERICA",2024
"61",-123.173941,42.457419,"Mantis religiosa","NORTH_AMERICA",2024
"62",-119.31038,46.267799,"Mantis religiosa","NORTH_AMERICA",2024
"63",-106.526321,35.084119,"Mantis religiosa","NORTH_AMERICA",2023
"64",-111.994753,41.068559,"Mantis religiosa","NORTH_AMERICA",2019
"65",-119.730812,39.492455,"Mantis religiosa","NORTH_AMERICA",2021
"66",-118.085513,36.571301,"Mantis religiosa","NORTH_AMERICA",2024
"67",-121.310513,39.438882,"Mantis religiosa","NORTH_AMERICA",2024
"68",-106.6718,34.979778,"Mantis religiosa","NORTH_AMERICA",2024
"69",-116.673069,33.110724,"Mantis religiosa","NORTH_AMERICA",2023
"70",-123.09024,43.993954,"Mantis religiosa","NORTH_AMERICA",2022
"71",-109.279883,34.098778,"Mantis religiosa","NORTH_AMERICA",2024
"72",-118.955946,34.155505,"Mantis religiosa","NORTH_AMERICA",2021
"73",-121.332108,38.584253,"Mantis religiosa","NORTH_AMERICA",2020
"74",-122.343011,40.48503,"Mantis religiosa","NORTH_AMERICA",2023
"75",-109.780909,35.066082,"Mantis religiosa","NORTH_AMERICA",2017
"76",-121.391503,45.680687,"Mantis religiosa","NORTH_AMERICA",2021
"77",-122.684791,38.596512,"Mantis religiosa","NORTH_AMERICA",2019
"78",-121.787758,38.536963,"Mantis religiosa","NORTH_AMERICA",2023
"79",-112.263045,40.595236,"Mantis religiosa","NORTH_AMERICA",2024
"80",-120.526618,38.626864,"Mantis religiosa","NORTH_AMERICA",2019
"81",-120.041436,34.693608,"Mantis religiosa","NORTH_AMERICA",2024
"82",-121.384575,39.124264,"Mantis religiosa","NORTH_AMERICA",2023
"83",-121.821467,39.719479,"Mantis religiosa","NORTH_AMERICA",2020
"84",-111.463057,40.02818,"Mantis religiosa","NORTH_AMERICA",2022
"85",-122.40832,39.04012,"Mantis religiosa","NORTH_AMERICA",2019
"86",-112.30368,40.562531,"Mantis religiosa","NORTH_AMERICA",2024
"87",-110.170325,34.911725,"Mantis religiosa","NORTH_AMERICA",2024
"88",-119.357972,38.799222,"Mantis religiosa","NORTH_AMERICA",2024
"89",-120.095052,37.403295,"Mantis religiosa","NORTH_AMERICA",2024
"90",-122.197013,40.39683,"Mantis religiosa","NORTH_AMERICA",2024
"91",-109.294922,38.568611,"Mantis religiosa","NORTH_AMERICA",2016
"92",-121.252297,38.814728,"Mantis religiosa","NORTH_AMERICA",2022
"93",-106.014269,35.896828,"Mantis religiosa","NORTH_AMERICA",2024
"94",-121.21095,38.647942,"Mantis religiosa","NORTH_AMERICA",2020
"95",-113.065398,37.676796,"Mantis religiosa","NORTH_AMERICA",2023
"96",-109.246031,38.690565,"Mantis religiosa","NORTH_AMERICA",2024
"97",-122.310472,40.631913,"Mantis religiosa","NORTH_AMERICA",2024
"98",-112.079867,41.124028,"Mantis religiosa","NORTH_AMERICA",2023
"99",-122.016895,37.422291,"Mantis religiosa","NORTH_AMERICA",2019
"100",-120.641578,38.424787,"Mantis religiosa","NORTH_AMERICA",2023
"101",-119.83214,39.552274,"Mantis religiosa","NORTH_AMERICA",2022
"102",-121.182655,36.502228,"Mantis religiosa","NORTH_AMERICA",2020
"103",-120.428062,37.363403,"Mantis religiosa","NORTH_AMERICA",2021
"104",-122.914008,38.392753,"Mantis religiosa","NORTH_AMERICA",2019
"105",-110.757891,39.569025,"Mantis religiosa","NORTH_AMERICA",2024
"106",-119.555781,36.712962,"Mantis religiosa","NORTH_AMERICA",2024
"107",-121.830159,38.460975,"Mantis religiosa","NORTH_AMERICA",2019
"108",-119.731857,37.402985,"Mantis religiosa","NORTH_AMERICA",2024
"109",-120.853755,38.122543,"Mantis religiosa","NORTH_AMERICA",2024
"110",-120.027863,47.07251,"Mantis religiosa","NORTH_AMERICA",2024
"111",-119.202614,46.194905,"Mantis religiosa","NORTH_AMERICA",2022
"112",-111.595806,40.142875,"Mantis religiosa","NORTH_AMERICA",2021
"113",-122.675866,38.339034,"Mantis religiosa","NORTH_AMERICA",2022
"114",-117.033668,33.084867,"Mantis religiosa","NORTH_AMERICA",2024
"115",-109.174612,40.423762,"Mantis religiosa","NORTH_AMERICA",2021
"116",-120.86553,41.275313,"Mantis religiosa","NORTH_AMERICA",2024
"117",-111.397999,40.917051,"Mantis religiosa","NORTH_AMERICA",2023
"118",-116.534988,43.662605,"Mantis religiosa","NORTH_AMERICA",2024
"119",-121.560112,41.820128,"Mantis religiosa","NORTH_AMERICA",2024
"120",-108.620265,37.356889,"Mantis religiosa","NORTH_AMERICA",2024
"121",-121.797462,38.695658,"Mantis religiosa","NORTH_AMERICA",2024
"122",-119.226596,47.063504,"Mantis religiosa","NORTH_AMERICA",2019
"123",-104.41285,33.430958,"Mantis religiosa","NORTH_AMERICA",2024
"124",-122.372626,41.907951,"Mantis religiosa","NORTH_AMERICA",2019
"125",-121.93268,37.574786,"Mantis religiosa","NORTH_AMERICA",2020
"126",-123.288413,44.560375,"Mantis religiosa","NORTH_AMERICA",2021
"127",-122.043433,39.190338,"Mantis religiosa","NORTH_AMERICA",2016
"128",-120.69307,35.296733,"Mantis religiosa","NORTH_AMERICA",2023
"129",-121.526535,41.757554,"Mantis religiosa","NORTH_AMERICA",2024
"130",-117.45236,45.94596,"Mantis religiosa","NORTH_AMERICA",2005
"131",-120.402183,47.800663,"Mantis religiosa","NORTH_AMERICA",2023
"132",-120.703147,38.251438,"Mantis religiosa","NORTH_AMERICA",2024
"133",-118.670617,34.583777,"Mantis religiosa","NORTH_AMERICA",2024
"134",-121.315887,44.049611,"Mantis religiosa","NORTH_AMERICA",2024
"135",-120.053703,47.83633,"Mantis religiosa","NORTH_AMERICA",2017
"136",-112.735057,36.858273,"Mantis religiosa","NORTH_AMERICA",2024
"137",-119.859917,37.79707,"Mantis religiosa","NORTH_AMERICA",2022
"138",-121.374175,38.037331,"Mantis religiosa","NORTH_AMERICA",2015
"139",-121.936659,47.886711,"Mantis religiosa","NORTH_AMERICA",2024
"140",-122.580333,45.575917,"Mantis religiosa","NORTH_AMERICA",2024
"141",-114.005478,46.2807,"Mantis religiosa","NORTH_AMERICA",2024
"142",-121.652515,39.647935,"Mantis religiosa","NORTH_AMERICA",2020
"143",-120.167337,50.649895,"Mantis religiosa","NORTH_AMERICA",2024
"144",-115.144049,43.081861,"Mantis religiosa","NORTH_AMERICA",2024
"145",-115.584166,40.282916,"Mantis religiosa","NORTH_AMERICA",2020
"146",-118.657067,34.536678,"Mantis religiosa","NORTH_AMERICA",2024
"147",-112.048108,41.524944,"Mantis religiosa","NORTH_AMERICA",2024
"148",-107.311946,39.502464,"Mantis religiosa","NORTH_AMERICA",2024
"149",-107.621444,38.859596,"Mantis religiosa","NORTH_AMERICA",2021
"150",-122.32861,41.329033,"Mantis religiosa","NORTH_AMERICA",2019
"151",-121.537632,37.772327,"Mantis religiosa","NORTH_AMERICA",2018
"152",-121.089219,40.014122,"Mantis religiosa","NORTH_AMERICA",2024
"153",-122.514619,45.792299,"Mantis religiosa","NORTH_AMERICA",2024
"154",-111.887297,41.947983,"Mantis religiosa","NORTH_AMERICA",2022
"155",-122.863585,46.553706,"Mantis religiosa","NORTH_AMERICA",2022
"156",-119.082558,38.049461,"Mantis religiosa","NORTH_AMERICA",2024
"157",-121.229833,39.253866,"Mantis religiosa","NORTH_AMERICA",2024
"158",-122.583466,44.135963,"Mantis religiosa","NORTH_AMERICA",2024
"159",-114.382778,42.588056,"Mantis religiosa","NORTH_AMERICA",2020
"160",-118.268589,43.653394,"Mantis religiosa","NORTH_AMERICA",2024
"161",-123.268495,42.190078,"Mantis religiosa","NORTH_AMERICA",2021
"162",-106.716597,34.726447,"Mantis religiosa","NORTH_AMERICA",2024
"163",-122.318176,45.560241,"Mantis religiosa","NORTH_AMERICA",2023
"164",-121.269797,39.339404,"Mantis religiosa","NORTH_AMERICA",2022
"165",-116.785194,43.126264,"Mantis religiosa","NORTH_AMERICA",2023
"166",-119.427917,36.348003,"Mantis religiosa","NORTH_AMERICA",2024
"167",-121.563114,38.574568,"Mantis religiosa","NORTH_AMERICA",2023
"168",-116.832812,47.659876,"Mantis religiosa","NORTH_AMERICA",2024
"169",-123.31931,45.568266,"Mantis religiosa","NORTH_AMERICA",2022
"170",-121.774502,37.658614,"Mantis religiosa","NORTH_AMERICA",2016
"171",-108.289711,37.369739,"Mantis religiosa","NORTH_AMERICA",2024
"172",-121.449447,38.407558,"Mantis religiosa","NORTH_AMERICA",2024
"173",-123.189954,40.551496,"Mantis religiosa","NORTH_AMERICA",2024
"174",-121.44853,43.841507,"Mantis religiosa","NORTH_AMERICA",2020
"175",-120.175574,39.902827,"Mantis religiosa","NORTH_AMERICA",2024
"176",-114.199829,39.011324,"Mantis religiosa","NORTH_AMERICA",2023
"177",-122.935978,46.089135,"Mantis religiosa","NORTH_AMERICA",2023
"178",-111.652322,40.022986,"Mantis religiosa","NORTH_AMERICA",2019
"179",-114.688363,41.942935,"Mantis religiosa","NORTH_AMERICA",2024
"180",-103.48204,43.435406,"Mantis religiosa","NORTH_AMERICA",2024
"181",-119.797745,36.767841,"Mantis religiosa","NORTH_AMERICA",2012
"182",-116.918853,44.013622,"Mantis religiosa","NORTH_AMERICA",2024
"183",-121.560905,41.763722,"Mantis religiosa","NORTH_AMERICA",2024
"184",-123.329385,44.707719,"Mantis religiosa","NORTH_AMERICA",2010
"185",-105.933753,35.643647,"Mantis religiosa","NORTH_AMERICA",2019
"186",-120.136967,48.4777,"Mantis religiosa","NORTH_AMERICA",2023
"187",-120.079079,47.645992,"Mantis religiosa","NORTH_AMERICA",2021
"188",-119.842378,39.373363,"Mantis religiosa","NORTH_AMERICA",2018
"189",-119.162892,36.692777,"Mantis religiosa","NORTH_AMERICA",2024
"190",-116.639432,33.038994,"Mantis religiosa","NORTH_AMERICA",2024
"191",-119.727837,39.736157,"Mantis religiosa","NORTH_AMERICA",2019
"192",-105.071,39.441167,"Mantis religiosa","NORTH_AMERICA",2014
"193",-114.034053,46.862765,"Mantis religiosa","NORTH_AMERICA",2024
"194",-122.21961,40.183154,"Mantis religiosa","NORTH_AMERICA",2019
"195",-122.921112,38.718056,"Mantis religiosa","NORTH_AMERICA",2019
"196",-120.175022,41.534097,"Mantis religiosa","NORTH_AMERICA",2024
"197",-120.021642,47.84012,"Mantis religiosa","NORTH_AMERICA",2024
"198",-116.49847,49.098438,"Mantis religiosa","NORTH_AMERICA",2021
"199",-103.235511,44.058117,"Mantis religiosa","NORTH_AMERICA",2021
"200",-121.262712,44.259783,"Mantis religiosa","NORTH_AMERICA",2022
"201",-112.274925,42.591763,"Mantis religiosa","NORTH_AMERICA",2024
"202",-107.749467,38.575437,"Mantis religiosa","NORTH_AMERICA",2024
"203",-116.924545,43.478447,"Mantis religiosa","NORTH_AMERICA",2021
"204",-124.030794,41.328275,"Mantis religiosa","NORTH_AMERICA",2024
"205",-112.215502,40.975775,"Mantis religiosa","NORTH_AMERICA",2019
"206",-116.588278,46.002442,"Mantis religiosa","NORTH_AMERICA",2023
"207",-105.292,40.424255,"Mantis religiosa","NORTH_AMERICA",2024
"208",-111.570436,35.203694,"Mantis religiosa","NORTH_AMERICA",2023
"209",-116.666512,43.560867,"Mantis religiosa","NORTH_AMERICA",2009
"210",-119.652214,48.589683,"Mantis religiosa","NORTH_AMERICA",2024
"211",-119.767403,39.163798,"Mantis religiosa","NORTH_AMERICA",2017
"212",-121.594795,36.999612,"Mantis religiosa","NORTH_AMERICA",2022
"213",-115.899138,43.305672,"Mantis religiosa","NORTH_AMERICA",2024
"214",-119.867883,49.204058,"Mantis religiosa","NORTH_AMERICA",2021
"215",-120.347866,37.634719,"Mantis religiosa","NORTH_AMERICA",2024
"216",-105.301007,40.223886,"Mantis religiosa","NORTH_AMERICA",2019
"217",-121.017235,38.675903,"Mantis religiosa","NORTH_AMERICA",2024
"218",-123.305259,44.334256,"Mantis religiosa","NORTH_AMERICA",2023
"219",-117.743347,40.963475,"Mantis religiosa","NORTH_AMERICA",2023
"220",-114.162916,47.69268,"Mantis religiosa","NORTH_AMERICA",2022
"221",-120.19285,34.611144,"Mantis religiosa","NORTH_AMERICA",2022
"222",-106.070197,36.063664,"Mantis religiosa","NORTH_AMERICA",2024
"223",-120.577357,37.620401,"Mantis religiosa","NORTH_AMERICA",2024
"224",-117.400539,47.8045,"Mantis religiosa","NORTH_AMERICA",2020
"225",-121.141949,37.454858,"Mantis religiosa","NORTH_AMERICA",2016
"226",-110.814374,39.589492,"Mantis religiosa","NORTH_AMERICA",2023
"227",-123.035603,44.048805,"Mantis religiosa","NORTH_AMERICA",2023
"228",-107.732786,39.553174,"Mantis religiosa","NORTH_AMERICA",2024
"229",-122.451321,48.939978,"Mantis religiosa","NORTH_AMERICA",2023
"230",-108.702104,39.110745,"Mantis religiosa","NORTH_AMERICA",2024
"231",-116.100494,42.999973,"Mantis religiosa","NORTH_AMERICA",2024
"232",-122.641884,41.732479,"Mantis religiosa","NORTH_AMERICA",2022
"233",-122.867045,45.494284,"Mantis religiosa","NORTH_AMERICA",2024
"234",-123.238395,44.098431,"Mantis religiosa","NORTH_AMERICA",2024
"235",-120.337433,38.48293,"Mantis religiosa","NORTH_AMERICA",2024
"236",-108.176125,39.35637,"Mantis religiosa","NORTH_AMERICA",2024
"237",-119.085175,46.661606,"Mantis religiosa","NORTH_AMERICA",2024
"238",-119.726203,45.680963,"Mantis religiosa","NORTH_AMERICA",2024
"239",-111.755299,40.329791,"Mantis religiosa","NORTH_AMERICA",2008
"240",-116.460825,32.902119,"Mantis religiosa","NORTH_AMERICA",2024
"241",-119.823985,38.996833,"Mantis religiosa","NORTH_AMERICA",2022
"242",-118.666715,45.679588,"Mantis religiosa","NORTH_AMERICA",2022
"243",-111.640731,37.776158,"Mantis religiosa","NORTH_AMERICA",2024
"244",-123.156976,45.020003,"Mantis religiosa","NORTH_AMERICA",2021
"245",-119.470477,49.030242,"Mantis religiosa","NORTH_AMERICA",2024
"246",-123.104523,47.211517,"Mantis religiosa","NORTH_AMERICA",2023
"247",-121.299948,38.254637,"Mantis religiosa","NORTH_AMERICA",2016
"248",-117.413146,47.537065,"Mantis religiosa","NORTH_AMERICA",2020
"249",-114.171997,46.092322,"Mantis religiosa","NORTH_AMERICA",2024
"250",-118.748927,42.986763,"Mantis religiosa","NORTH_AMERICA",2024
"251",-119.983751,37.52921,"Mantis religiosa","NORTH_AMERICA",2024
"252",-120.244408,39.677483,"Mantis religiosa","NORTH_AMERICA",2024
"253",-112.012889,41.532486,"Mantis religiosa","NORTH_AMERICA",2021
"254",-123.259554,45.53703,"Mantis religiosa","NORTH_AMERICA",2024
"255",-118.236592,34.666998,"Mantis religiosa","NORTH_AMERICA",2024
"256",-116.005744,46.210817,"Mantis religiosa","NORTH_AMERICA",2017
"257",-118.431655,49.108259,"Mantis religiosa","NORTH_AMERICA",2024
"258",-116.467433,48.455576,"Mantis religiosa","NORTH_AMERICA",2024
"259",-124.378057,49.234889,"Mantis religiosa","NORTH_AMERICA",2024
"260",-118.533403,42.542697,"Mantis religiosa","NORTH_AMERICA",2024
"261",-123.028236,44.934903,"Mantis religiosa","NORTH_AMERICA",2019
"262",-119.224503,50.281925,"Mantis religiosa","NORTH_AMERICA",2023
"263",-123.293121,43.020113,"Mantis religiosa","NORTH_AMERICA",2024
"264",-109.496172,38.539438,"Mantis religiosa","NORTH_AMERICA",2024
"265",-117.529458,49.40293,"Mantis religiosa","NORTH_AMERICA",2022
"266",-107.796669,39.538055,"Mantis religiosa","NORTH_AMERICA",2017
"267",-106.272878,35.78176,"Mantis religiosa","NORTH_AMERICA",2019
"268",-117.613448,49.056494,"Mantis religiosa","NORTH_AMERICA",2021
"269",-119.044982,43.585808,"Mantis religiosa","NORTH_AMERICA",2023
"270",-118.356786,49.014371,"Mantis religiosa","NORTH_AMERICA",2023
"271",-119.290358,34.301062,"Mantis religiosa","NORTH_AMERICA",2020
"272",-122.239207,38.294579,"Mantis religiosa","NORTH_AMERICA",2024
"273",-119.769226,45.83432,"Mantis religiosa","NORTH_AMERICA",2024
"274",-117.259651,47.546905,"Mantis religiosa","NORTH_AMERICA",2021
"275",-120.991011,46.483443,"Mantis religiosa","NORTH_AMERICA",2024
"276",-103.256332,44.006805,"Mantis religiosa","NORTH_AMERICA",2024
"277",-118.994987,46.202577,"Mantis religiosa","NORTH_AMERICA",2023
"278",-112.068405,40.508338,"Mantis religiosa","NORTH_AMERICA",2024
"279",-120.000381,46.232525,"Mantis religiosa","NORTH_AMERICA",2024
"280",-114.008286,46.709717,"Mantis religiosa","NORTH_AMERICA",2024
"281",-119.953015,47.030208,"Mantis religiosa","NORTH_AMERICA",2024
"282",-122.86947,42.277162,"Mantis religiosa","NORTH_AMERICA",2024
"283",-118.583257,43.447488,"Mantis religiosa","NORTH_AMERICA",2024
"284",-107.823422,38.452289,"Mantis religiosa","NORTH_AMERICA",2024
"285",-120.690505,35.62598,"Mantis religiosa","NORTH_AMERICA",2019
"286",-122.663019,42.591721,"Mantis religiosa","NORTH_AMERICA",2024
"287",-117.275367,34.22768,"Mantis religiosa","NORTH_AMERICA",2024
"288",-118.372313,48.262408,"Mantis religiosa","NORTH_AMERICA",2024
"289",-117.828933,44.778158,"Mantis religiosa","NORTH_AMERICA",2019
"290",-107.941579,38.836374,"Mantis religiosa","NORTH_AMERICA",2024
"291",-108.496289,37.378751,"Mantis religiosa","NORTH_AMERICA",2024
"292",-114.079497,48.07117,"Mantis religiosa","NORTH_AMERICA",2024
"293",-121.819519,45.72863,"Mantis religiosa","NORTH_AMERICA",2021
"294",-118.291434,34.123565,"Mantis religiosa","NORTH_AMERICA",2022
"295",-121.790755,38.042998,"Mantis religiosa","NORTH_AMERICA",2023
"296",-113.47722,42.673095,"Mantis religiosa","NORTH_AMERICA",2024
"297",-122.944379,47.021103,"Mantis religiosa","NORTH_AMERICA",2020
"298",-122.267477,49.014271,"Mantis religiosa","NORTH_AMERICA",2023
"299",-122.24409,44.127954,"Mantis religiosa","NORTH_AMERICA",2023
"300",-112.012062,43.501631,"Mantis religiosa","NORTH_AMERICA",2021
"301",-120.600628,40.328947,"Mantis religiosa","NORTH_AMERICA",2020
"302",-108.80555,39.17334,"Mantis religiosa","NORTH_AMERICA",2024
"303",-112.979764,37.209308,"Mantis religiosa","NORTH_AMERICA",2024
"304",-118.492722,35.131638,"Mantis religiosa","NORTH_AMERICA",2021
"305",-119.1407,50.557014,"Mantis religiosa","NORTH_AMERICA",2021
"306",-119.561187,47.306809,"Mantis religiosa","NORTH_AMERICA",2024
"307",-109.68723,40.563929,"Mantis religiosa","NORTH_AMERICA",2024
"308",-111.548605,39.523309,"Mantis religiosa","NORTH_AMERICA",2022
"309",-121.149098,44.359618,"Mantis religiosa","NORTH_AMERICA",2021
"310",-116.7613,32.714747,"Mantis religiosa","NORTH_AMERICA",2021
"311",-122.78913,42.241426,"Mantis religiosa","NORTH_AMERICA",2024
"312",-120.1047,44.063236,"Mantis religiosa","NORTH_AMERICA",2024
"313",-123.157631,42.017667,"Mantis religiosa","NORTH_AMERICA",2024
"314",-105.29598,39.394446,"Mantis religiosa","NORTH_AMERICA",2024
"315",-116.771992,47.591476,"Mantis religiosa","NORTH_AMERICA",2022
"316",-108.726447,35.50225,"Mantis religiosa","NORTH_AMERICA",2024
"317",-117.369278,34.489716,"Mantis religiosa","NORTH_AMERICA",2024
"318",-121.437622,37.052268,"Mantis religiosa","NORTH_AMERICA",2015
"319",-118.812394,45.636271,"Mantis religiosa","NORTH_AMERICA",2024
"320",-118.604163,34.092114,"Mantis religiosa","NORTH_AMERICA",2022
"321",-124.273383,43.157672,"Mantis religiosa","NORTH_AMERICA",2024
"322",-111.781887,41.76743,"Mantis religiosa","NORTH_AMERICA",2023
"323",-120.485398,46.855403,"Mantis religiosa","NORTH_AMERICA",2024
"324",-119.81675,38.774333,"Mantis religiosa","NORTH_AMERICA",2024
"325",-122.668733,45.040937,"Mantis religiosa","NORTH_AMERICA",2024
"326",-109.583125,40.47751,"Mantis religiosa","NORTH_AMERICA",2019
"327",-116.835409,45.12403,"Mantis religiosa","NORTH_AMERICA",2024
"328",-112.875694,42.778625,"Mantis religiosa","NORTH_AMERICA",2021
"329",-115.741653,34.171007,"Mantis religiosa","NORTH_AMERICA",2024
"330",-123.164238,39.12764,"Mantis religiosa","NORTH_AMERICA",2019
"331",-104.970213,38.039222,"Mantis religiosa","NORTH_AMERICA",2024
"332",-120.749486,46.656239,"Mantis religiosa","NORTH_AMERICA",2024
"333",-105.300911,40.021917,"Mantis religiosa","NORTH_AMERICA",2019
"334",-103.861423,44.481232,"Mantis religiosa","NORTH_AMERICA",2017
"335",-119.529325,50.910506,"Mantis religiosa","NORTH_AMERICA",2024
"336",-112.267322,43.303203,"Mantis religiosa","NORTH_AMERICA",2022
"337",-122.81398,42.625872,"Mantis religiosa","NORTH_AMERICA",2024
"338",-122.181852,47.615892,"Mantis religiosa","NORTH_AMERICA",2020
"339",-108.198461,43.644036,"Mantis religiosa","NORTH_AMERICA",2024
"340",-107.892662,35.168747,"Mantis religiosa","NORTH_AMERICA",2024
"341",-122.228657,46.17787,"Mantis religiosa","NORTH_AMERICA",2022
"342",-119.018386,50.999508,"Mantis religiosa","NORTH_AMERICA",2024
"343",-115.818518,43.105989,"Mantis religiosa","NORTH_AMERICA",2024
"344",-121.904021,47.155742,"Mantis religiosa","NORTH_AMERICA",2024
"345",-122.436037,38.574413,"Mantis religiosa","NORTH_AMERICA",2015
"346",-115.703139,43.125319,"Mantis religiosa","NORTH_AMERICA",2023
"347",-116.701633,45.244858,"Mantis religiosa","NORTH_AMERICA",2024
"348",-120.421745,34.944478,"Mantis religiosa","NORTH_AMERICA",2024
"349",-108.486425,35.208528,"Mantis religiosa","NORTH_AMERICA",2024
"350",-120.748008,47.067772,"Mantis religiosa","NORTH_AMERICA",2024
"351",-103.479602,43.555635,"Mantis religiosa","NORTH_AMERICA",2016
"352",-121.36235,40.402944,"Mantis religiosa","NORTH_AMERICA",2024
"353",-115.545831,40.752214,"Mantis religiosa","NORTH_AMERICA",2024
"354",-121.371162,36.827053,"Mantis religiosa","NORTH_AMERICA",2021
"355",-117.656022,49.55262,"Mantis religiosa","NORTH_AMERICA",2024
"356",-111.805717,39.954956,"Mantis religiosa","NORTH_AMERICA",2023
"357",-123.314051,44.122721,"Mantis religiosa","NORTH_AMERICA",2023
"358",-113.287561,39.365213,"Mantis religiosa","NORTH_AMERICA",2024
"359",-120.793122,42.813003,"Mantis religiosa","NORTH_AMERICA",2024
"360",-121.117208,45.819458,"Mantis religiosa","NORTH_AMERICA",2024
"361",-122.794036,44.780963,"Mantis religiosa","NORTH_AMERICA",2021
"362",-122.08528,47.429572,"Mantis religiosa","NORTH_AMERICA",2023
"363",-122.563915,45.239594,"Mantis religiosa","NORTH_AMERICA",2024
"364",-116.553672,43.53738,"Mantis religiosa","NORTH_AMERICA",2024
"365",-118.211467,49.046891,"Mantis religiosa","NORTH_AMERICA",2024
"366",-111.744224,40.621381,"Mantis religiosa","NORTH_AMERICA",2024
"367",-120.890767,45.574619,"Mantis religiosa","NORTH_AMERICA",2020
"368",-114.789087,42.661142,"Mantis religiosa","NORTH_AMERICA",2018
"369",-115.906299,40.526656,"Mantis religiosa","NORTH_AMERICA",2024
"370",-114.182908,47.32883,"Mantis religiosa","NORTH_AMERICA",2020
"371",-116.664153,49.236717,"Mantis religiosa","NORTH_AMERICA",2023
"372",-118.979265,43.44175,"Mantis religiosa","NORTH_AMERICA",2019
"373",-112.637192,40.62521,"Mantis religiosa","NORTH_AMERICA",2024
"374",-118.122845,48.601616,"Mantis religiosa","NORTH_AMERICA",2023
"375",-117.119067,44.927621,"Mantis religiosa","NORTH_AMERICA",2020
"376",-119.345634,50.717094,"Mantis religiosa","NORTH_AMERICA",2024
"377",-121.793822,42.219293,"Mantis religiosa","NORTH_AMERICA",2022
"378",-123.765372,40.121625,"Mantis religiosa","NORTH_AMERICA",2024
"379",-121.094233,36.243878,"Mantis religiosa","NORTH_AMERICA",2024
"380",-117.968737,47.290078,"Mantis religiosa","NORTH_AMERICA",2024
"381",-122.233463,48.455413,"Mantis religiosa","NORTH_AMERICA",2023
"382",-117.625391,34.410664,"Mantis religiosa","NORTH_AMERICA",2024
"383",-120.512742,34.593575,"Mantis religiosa","NORTH_AMERICA",2023
"384",-111.485,34.830042,"Mantis religiosa","NORTH_AMERICA",2024
"385",-106.533395,39.638038,"Mantis religiosa","NORTH_AMERICA",2024
"386",-116.049442,43.507658,"Mantis religiosa","NORTH_AMERICA",2022
"387",-113.0915,42.653653,"Mantis religiosa","NORTH_AMERICA",2024
"388",-122.320472,41.148236,"Mantis religiosa","NORTH_AMERICA",2024
"389",-122.241095,47.1245,"Mantis religiosa","NORTH_AMERICA",2020
"390",-122.754205,45.796671,"Mantis religiosa","NORTH_AMERICA",2006
"391",-119.047858,36.078778,"Mantis religiosa","NORTH_AMERICA",2019
"392",-117.073272,32.836628,"Mantis religiosa","NORTH_AMERICA",2024
"393",-119.435575,46.379082,"Mantis religiosa","NORTH_AMERICA",2024
"394",-104.880508,39.09322,"Mantis religiosa","NORTH_AMERICA",2024
"395",-111.561889,35.341704,"Mantis religiosa","NORTH_AMERICA",2024
"396",-111.429289,40.50766,"Mantis religiosa","NORTH_AMERICA",2022
"397",-122.425028,43.716031,"Mantis religiosa","NORTH_AMERICA",2024
"398",-121.778915,36.489577,"Mantis religiosa","NORTH_AMERICA",2018
"399",-114.090412,46.832452,"Mantis religiosa","NORTH_AMERICA",2022
"400",-115.051801,48.855612,"Mantis religiosa","NORTH_AMERICA",2024
"401",-114.177445,48.37123,"Mantis religiosa","NORTH_AMERICA",2024
"402",-112.780945,42.965859,"Mantis religiosa","NORTH_AMERICA",2019
"403",-120.400497,48.581192,"Mantis religiosa","NORTH_AMERICA",2023
"404",-123.871007,44.834706,"Mantis religiosa","NORTH_AMERICA",2023
"405",-119.268287,46.314047,"Mantis religiosa","NORTH_AMERICA",2021
"406",-117.812373,46.628085,"Mantis religiosa","NORTH_AMERICA",2024
"407",-122.289025,41.181283,"Mantis religiosa","NORTH_AMERICA",2023
"408",-119.356835,46.982467,"Mantis religiosa","NORTH_AMERICA",2024
"409",-123.048789,46.904481,"Mantis religiosa","NORTH_AMERICA",2014
"410",-113.359117,37.238587,"Mantis religiosa","NORTH_AMERICA",2024
"411",-120.262322,46.401692,"Mantis religiosa","NORTH_AMERICA",2024
"412",-120.333896,46.575045,"Mantis religiosa","NORTH_AMERICA",2020
"413",-119.059167,50.360245,"Mantis religiosa","NORTH_AMERICA",2022
"414",-120.610473,39.306824,"Mantis religiosa","NORTH_AMERICA",2024
"415",-123.796777,40.900302,"Mantis religiosa","NORTH_AMERICA",2021
"416",-118.972992,49.051239,"Mantis religiosa","NORTH_AMERICA",2024
"417",-123.782716,39.468433,"Mantis religiosa","NORTH_AMERICA",2020
"418",-121.672093,46.613521,"Mantis religiosa","NORTH_AMERICA",2024
"419",-107.017486,37.266267,"Mantis religiosa","NORTH_AMERICA",2024
"420",-122.242377,47.031638,"Mantis religiosa","NORTH_AMERICA",2020
"421",-122.997517,45.273179,"Mantis religiosa","NORTH_AMERICA",2024
"422",-118.89392,43.241412,"Mantis religiosa","NORTH_AMERICA",2023
"423",-117.859145,34.413878,"Mantis religiosa","NORTH_AMERICA",2024
"424",-124.028777,44.626488,"Mantis religiosa","NORTH_AMERICA",2024
"425",-121.510839,44.314556,"Mantis religiosa","NORTH_AMERICA",2021
"426",-121.941676,42.581933,"Mantis religiosa","NORTH_AMERICA",2024
"427",-116.617713,46.236033,"Mantis religiosa","NORTH_AMERICA",2024
"428",-116.816222,47.9589,"Mantis religiosa","NORTH_AMERICA",2022
"429",-117.546083,47.593963,"Mantis religiosa","NORTH_AMERICA",2024
"430",-117.392752,46.884288,"Mantis religiosa","NORTH_AMERICA",2024
"431",-120.306793,44.648959,"Mantis religiosa","NORTH_AMERICA",2024
"432",-123.629561,44.066582,"Mantis religiosa","NORTH_AMERICA",2024
"433",-116.9851,47.514525,"Mantis religiosa","NORTH_AMERICA",2021
"434",-119.756436,36.838002,"Mantis religiosa","NORTH_AMERICA",2024
"435",-118.065363,45.475547,"Mantis religiosa","NORTH_AMERICA",2023
"436",-122.779708,46.104264,"Mantis religiosa","NORTH_AMERICA",2024
"437",-112.049678,43.55332,"Mantis religiosa","NORTH_AMERICA",2024
"438",-116.112833,49.16574,"Mantis religiosa","NORTH_AMERICA",2024
"439",-123.723105,47.017643,"Mantis religiosa","NORTH_AMERICA",2024
"440",-110.008333,40.304036,"Mantis religiosa","NORTH_AMERICA",2024
"441",-122.028855,47.394612,"Mantis religiosa","NORTH_AMERICA",2024
"442",-119.619028,49.859913,"Mantis religiosa","NORTH_AMERICA",2020
"443",-123.286962,38.898082,"Mantis religiosa","NORTH_AMERICA",2024
"444",-111.722937,39.72949,"Mantis religiosa","NORTH_AMERICA",2024
"445",-123.96212,41.205718,"Mantis religiosa","NORTH_AMERICA",2024
"446",-112.595422,37.320883,"Mantis religiosa","NORTH_AMERICA",2024
"447",-119.421845,37.069566,"Mantis religiosa","NORTH_AMERICA",2016
"448",-112.230035,38.957758,"Mantis religiosa","NORTH_AMERICA",2024
"449",-113.53319,43.44574,"Mantis religiosa","NORTH_AMERICA",2024
"450",-108.891363,38.770332,"Mantis religiosa","NORTH_AMERICA",2024
"451",-107.937925,37.037013,"Mantis religiosa","NORTH_AMERICA",2024
"452",-120.309709,42.445852,"Mantis religiosa","NORTH_AMERICA",2024
"453",-106.140121,38.741364,"Mantis religiosa","NORTH_AMERICA",2024
"454",-119.452484,48.699196,"Mantis religiosa","NORTH_AMERICA",2024
"455",-108.677774,37.245948,"Mantis religiosa","NORTH_AMERICA",2024
"456",-120.65283,37.891105,"Mantis religiosa","NORTH_AMERICA",2018
"457",-121.975546,44.780195,"Mantis religiosa","NORTH_AMERICA",2024
"458",-105.30043,40.645305,"Mantis religiosa","NORTH_AMERICA",2022
"459",-116.74155,33.60262,"Mantis religiosa","NORTH_AMERICA",2024
"460",-122.334209,49.047709,"Mantis religiosa","NORTH_AMERICA",2023
"461",-121.714713,47.473683,"Mantis religiosa","NORTH_AMERICA",2022
"462",-121.554992,40.09275,"Mantis religiosa","NORTH_AMERICA",2024
"463",-119.816664,39.046517,"Mantis religiosa","NORTH_AMERICA",2024
"464",-122.26213,45.149789,"Mantis religiosa","NORTH_AMERICA",2024
"465",-119.636343,37.723544,"Mantis religiosa","NORTH_AMERICA",2022
"466",-122.107484,44.707741,"Mantis religiosa","NORTH_AMERICA",2024
"467",-116.241387,48.224963,"Mantis religiosa","NORTH_AMERICA",2021
"468",-118.78705,50.384117,"Mantis religiosa","NORTH_AMERICA",2024
"469",-121.230842,44.761897,"Mantis religiosa","NORTH_AMERICA",2023
"470",-120.890416,44.317695,"Mantis religiosa","NORTH_AMERICA",2024
"471",-124.286445,40.324222,"Mantis religiosa","NORTH_AMERICA",2023
"472",-119.79863,36.812855,"Mantis religiosa","NORTH_AMERICA",2024
"473",-106.994868,36.93577,"Mantis religiosa","NORTH_AMERICA",2024
"474",-117.95,47,"Mantis religiosa","NORTH_AMERICA",2024
"475",-106.686303,35.791422,"Mantis religiosa","NORTH_AMERICA",2024
"476",-116.539941,48.275612,"Mantis religiosa","NORTH_AMERICA",2024
"477",-112.117135,36.057349,"Mantis religiosa","NORTH_AMERICA",2019
"478",-122.900875,44.520069,"Mantis religiosa","NORTH_AMERICA",2020
"479",-123.389477,45.450673,"Mantis religiosa","NORTH_AMERICA",2023
"480",-112.071817,41.648987,"Mantis religiosa","NORTH_AMERICA",2019
"481",-123.974678,40.057755,"Mantis religiosa","NORTH_AMERICA",2016
"482",-123.906083,43.96267,"Mantis religiosa","NORTH_AMERICA",2024
"483",-120.55378,47.009621,"Mantis religiosa","NORTH_AMERICA",2021
"484",-123.41465,39.563862,"Mantis religiosa","NORTH_AMERICA",2024
"485",-105.080517,36.449944,"Mantis religiosa","NORTH_AMERICA",2024
"486",-120.310317,38.274497,"Mantis religiosa","NORTH_AMERICA",2015
"487",-121.992026,46.596749,"Mantis religiosa","NORTH_AMERICA",2024
"488",-122.181483,46.716211,"Mantis religiosa","NORTH_AMERICA",2021
"489",-114.091621,46.760559,"Mantis religiosa","NORTH_AMERICA",2022
"490",-112.544097,37.157514,"Mantis religiosa","NORTH_AMERICA",2022
"491",-116.396408,33.254967,"Mantis religiosa","NORTH_AMERICA",2024
"492",-120.862859,37.060024,"Mantis religiosa","NORTH_AMERICA",2024
"493",-117.074403,47.418197,"Mantis religiosa","NORTH_AMERICA",2024
"494",-123.466454,43.263689,"Mantis religiosa","NORTH_AMERICA",2019
"495",-106.035805,38.554883,"Mantis religiosa","NORTH_AMERICA",2024
"496",-122.541094,42.382981,"Mantis religiosa","NORTH_AMERICA",2023
"497",-105.605708,36.529378,"Mantis religiosa","NORTH_AMERICA",2023
"498",-125.049811,51.167538,"Mantis religiosa","NORTH_AMERICA",2023
"499",-119.365579,45.83575,"Mantis religiosa","NORTH_AMERICA",2023
"500",-117.009447,46.810735,"Mantis religiosa","NORTH_AMERICA",2020
"501",-114.671669,47.610483,"Mantis religiosa","NORTH_AMERICA",2020
"502",-116.74889,47.35089,"Mantis religiosa","NORTH_AMERICA",2017
"503",-120.173672,46.980414,"Mantis religiosa","NORTH_AMERICA",2023
"504",-119.444764,46.791542,"Mantis religiosa","NORTH_AMERICA",2023
"505",-119.556789,49.039983,"Mantis religiosa","NORTH_AMERICA",2023
"506",-117.959923,46.488682,"Mantis religiosa","NORTH_AMERICA",2019
"507",-120.281634,46.568143,"Mantis religiosa","NORTH_AMERICA",2023
"508",-122.890051,46.419183,"Mantis religiosa","NORTH_AMERICA",2023
"509",-119.00063,35.395329,"Mantis religiosa","NORTH_AMERICA",2023
"510",-119.0485,49.048702,"Mantis religiosa","NORTH_AMERICA",2023
"511",-120.931794,45.336931,"Mantis religiosa","NORTH_AMERICA",2023
"512",-120.441698,47.554349,"Mantis religiosa","NORTH_AMERICA",2022
"513",-111.220638,36.130208,"Mantis religiosa","NORTH_AMERICA",2023
"514",-122.414177,47.005884,"Mantis religiosa","NORTH_AMERICA",2021
"515",-118.402328,37.468722,"Mantis religiosa","NORTH_AMERICA",2018
"516",-115.198463,37.459988,"Mantis religiosa","NORTH_AMERICA",2023
"517",-121.531745,37.500931,"Mantis religiosa","NORTH_AMERICA",2023
"518",-115.97968,43.649967,"Mantis religiosa","NORTH_AMERICA",2020
"519",-117.261033,34.478683,"Mantis religiosa","NORTH_AMERICA",2023
"520",-109.796837,34.880628,"Mantis religiosa","NORTH_AMERICA",2023
"521",-119.795306,44.8344,"Mantis religiosa","NORTH_AMERICA",2023
"522",-117.727186,34.140117,"Mantis religiosa","NORTH_AMERICA",2023
"523",-123.611142,45.060986,"Mantis religiosa","NORTH_AMERICA",2023
"524",-114.108589,42.327594,"Mantis religiosa","NORTH_AMERICA",2023
"525",-117.308075,43.323058,"Mantis religiosa","NORTH_AMERICA",2023
"526",-114.295175,43.516311,"Mantis religiosa","NORTH_AMERICA",2018
"527",-122.753242,39.111856,"Mantis religiosa","NORTH_AMERICA",2023
"528",-117.49437,43.195713,"Mantis religiosa","NORTH_AMERICA",2023
"529",-122.337202,44.759567,"Mantis religiosa","NORTH_AMERICA",2023
"530",-118.353158,47.300344,"Mantis religiosa","NORTH_AMERICA",2023
"531",-105.294342,35.653162,"Mantis religiosa","NORTH_AMERICA",2023
"532",-120.822178,45.814182,"Mantis religiosa","NORTH_AMERICA",2018
"533",-123.200005,45.73028,"Mantis religiosa","NORTH_AMERICA",2022
"534",-120.763198,42.950434,"Mantis religiosa","NORTH_AMERICA",2023
"535",-121.72635,39.02652,"Mantis religiosa","NORTH_AMERICA",2023
"536",-117.373695,46.636325,"Mantis religiosa","NORTH_AMERICA",2023
"537",-118.367886,46.587043,"Mantis religiosa","NORTH_AMERICA",2023
"538",-123.186922,45.084045,"Mantis religiosa","NORTH_AMERICA",2023
"539",-123.368125,46.689895,"Mantis religiosa","NORTH_AMERICA",2023
"540",-117.275948,46.035397,"Mantis religiosa","NORTH_AMERICA",2023
"541",-123.268905,44.511658,"Mantis religiosa","NORTH_AMERICA",2023
"542",-119.999444,39.959627,"Mantis religiosa","NORTH_AMERICA",2018
"543",-122.429607,45.247716,"Mantis religiosa","NORTH_AMERICA",2021
"544",-122.401287,44.029117,"Mantis religiosa","NORTH_AMERICA",2022
"545",-118.213097,49.005644,"Mantis religiosa","NORTH_AMERICA",2023
"546",-111.7356,42.02824,"Mantis religiosa","NORTH_AMERICA",2023
"547",-117.075725,46.910168,"Mantis religiosa","NORTH_AMERICA",2022
"548",-120.217339,42.620481,"Mantis religiosa","NORTH_AMERICA",2023
"549",-116.55969,48.367319,"Mantis religiosa","NORTH_AMERICA",2022
"550",-116.479991,33.796222,"Mantis religiosa","NORTH_AMERICA",2023
"551",-122.363411,44.152679,"Mantis religiosa","NORTH_AMERICA",2023
"552",-119.777095,38.95326,"Mantis religiosa","NORTH_AMERICA",2021
"553",-117.284722,49.498056,"Mantis religiosa","NORTH_AMERICA",2017
"554",-116.550793,48.290551,"Mantis religiosa","NORTH_AMERICA",2020
"555",-121.798948,39.318046,"Mantis religiosa","NORTH_AMERICA",2023
"556",-107.380389,39.562094,"Mantis religiosa","NORTH_AMERICA",2023
"557",-112.882477,43.961432,"Mantis religiosa","NORTH_AMERICA",2023
"558",-122.019433,49.032925,"Mantis religiosa","NORTH_AMERICA",2023
"559",-121.941971,49.188925,"Mantis religiosa","NORTH_AMERICA",2022
"560",-113.875703,39.412389,"Mantis religiosa","NORTH_AMERICA",2023
"561",-119.080642,43.26838,"Mantis religiosa","NORTH_AMERICA",2023
"562",-114.684713,45.368603,"Mantis religiosa","NORTH_AMERICA",2023
"563",-118.331925,46.045893,"Mantis religiosa","NORTH_AMERICA",2023
"564",-117.793262,45.49711,"Mantis religiosa","NORTH_AMERICA",2023
"565",-122.200317,39.530308,"Mantis religiosa","NORTH_AMERICA",2023
"566",-110.022458,34.242364,"Mantis religiosa","NORTH_AMERICA",2021
"567",-117.851159,34.128268,"Mantis religiosa","NORTH_AMERICA",2023
"568",-115.526446,43.115428,"Mantis religiosa","NORTH_AMERICA",2023
"569",-117.139974,47.262719,"Mantis religiosa","NORTH_AMERICA",2023
"570",-121.313914,38.839874,"Mantis religiosa","NORTH_AMERICA",2023
"571",-122.035574,47.616359,"Mantis religiosa","NORTH_AMERICA",2020
"572",-116.939906,46.377758,"Mantis religiosa","NORTH_AMERICA",2020
"573",-112.293482,41.482088,"Mantis religiosa","NORTH_AMERICA",2023
"574",-119.007999,44.390824,"Mantis religiosa","NORTH_AMERICA",2022
"575",-106.648766,35.084831,"Mantis religiosa","NORTH_AMERICA",2021
"576",-120.153899,44.571046,"Mantis religiosa","NORTH_AMERICA",2023
"577",-116.452299,32.752334,"Mantis religiosa","NORTH_AMERICA",2023
"578",-108.088413,38.755234,"Mantis religiosa","NORTH_AMERICA",2020
"579",-106.016056,38.524327,"Mantis religiosa","NORTH_AMERICA",2022
"580",-123.336315,39.41975,"Mantis religiosa","NORTH_AMERICA",2020
"581",-119.189429,40.810662,"Mantis religiosa","NORTH_AMERICA",2023
"582",-118.258832,46.080253,"Mantis religiosa","NORTH_AMERICA",2011
"583",-105.690376,35.564876,"Mantis religiosa","NORTH_AMERICA",2023
"584",-113.724325,42.083607,"Mantis religiosa","NORTH_AMERICA",2023
"585",-110.079448,34.49651,"Mantis religiosa","NORTH_AMERICA",2023
"586",-117.352675,34.283983,"Mantis religiosa","NORTH_AMERICA",2023
"587",-110.432167,39.538292,"Mantis religiosa","NORTH_AMERICA",2023
"588",-107.512788,37.248982,"Mantis religiosa","NORTH_AMERICA",2023
"589",-122.203078,48.721466,"Mantis religiosa","NORTH_AMERICA",2023
"590",-116.798251,45.376122,"Mantis religiosa","NORTH_AMERICA",2023
"591",-121.350756,44.547777,"Mantis religiosa","NORTH_AMERICA",2023
"592",-120.382535,39.802552,"Mantis religiosa","NORTH_AMERICA",2023
"593",-123.313553,44.916992,"Mantis religiosa","NORTH_AMERICA",2022
"594",-119.873561,47.464159,"Mantis religiosa","NORTH_AMERICA",2022
"595",-108.4804,34.134717,"Mantis religiosa","NORTH_AMERICA",2023
"596",-123.569793,42.572708,"Mantis religiosa","NORTH_AMERICA",2023
"597",-123.412081,42.55017,"Mantis religiosa","NORTH_AMERICA",2023
"598",-123.502696,42.431447,"Mantis religiosa","NORTH_AMERICA",2023
"599",-118.630461,42.129461,"Mantis religiosa","NORTH_AMERICA",2023
"600",-122.57202,46.701008,"Mantis religiosa","NORTH_AMERICA",2022
"601",-112.740892,42.231905,"Mantis religiosa","NORTH_AMERICA",2023
"602",-122.218571,49.050338,"Mantis religiosa","NORTH_AMERICA",2023
"603",-117.113939,33.876651,"Mantis religiosa","NORTH_AMERICA",2021
"604",-107.915302,40.04719,"Mantis religiosa","NORTH_AMERICA",2023
"605",-116.958709,45.555892,"Mantis religiosa","NORTH_AMERICA",2023
"606",-122.720872,44.706603,"Mantis religiosa","NORTH_AMERICA",2023
"607",-107.236778,39.470947,"Mantis religiosa","NORTH_AMERICA",2023
"608",-117.91767,45.562653,"Mantis religiosa","NORTH_AMERICA",2023
"609",-119.503078,49.78918,"Mantis religiosa","NORTH_AMERICA",2023
"610",-117.607762,47.436669,"Mantis religiosa","NORTH_AMERICA",2014
"611",-118.292793,48.375299,"Mantis religiosa","NORTH_AMERICA",2023
"612",-119.026611,37.941047,"Mantis religiosa","NORTH_AMERICA",2023
"613",-119.104201,37.977898,"Mantis religiosa","NORTH_AMERICA",2019
"614",-117.990497,37.974492,"Mantis religiosa","NORTH_AMERICA",2023
"615",-116.31963,48.690182,"Mantis religiosa","NORTH_AMERICA",2022
"616",-111.499144,40.757448,"Mantis religiosa","NORTH_AMERICA",2023
"617",-118.604486,42.327378,"Mantis religiosa","NORTH_AMERICA",2020
"618",-123.197144,45.981567,"Mantis religiosa","NORTH_AMERICA",2023
"619",-108.593813,38.982476,"Mantis religiosa","NORTH_AMERICA",2023
"620",-109.47511,40.589825,"Mantis religiosa","NORTH_AMERICA",2023
"621",-118.628693,38.524597,"Mantis religiosa","NORTH_AMERICA",2023
"622",-107.590728,37.242081,"Mantis religiosa","NORTH_AMERICA",2016
"623",-112.082161,38.78235,"Mantis religiosa","NORTH_AMERICA",2023
"624",-122.46179,42.25731,"Mantis religiosa","NORTH_AMERICA",2018
"625",-121.715267,39.348727,"Mantis religiosa","NORTH_AMERICA",2023
"626",-117.848633,44.797353,"Mantis religiosa","NORTH_AMERICA",2020
"627",-116.376188,35.036525,"Mantis religiosa","NORTH_AMERICA",2023
"628",-120.555121,46.335728,"Mantis religiosa","NORTH_AMERICA",2022
"629",-116.806337,44.83807,"Mantis religiosa","NORTH_AMERICA",2023
"630",-111.74786,42.25019,"Mantis religiosa","NORTH_AMERICA",2020
"631",-120.615808,36.139428,"Mantis religiosa","NORTH_AMERICA",2023
"632",-119.369417,37.414945,"Mantis religiosa","NORTH_AMERICA",2023
"633",-103.399425,44.31629,"Mantis religiosa","NORTH_AMERICA",2016
"634",-122.398095,40.917417,"Mantis religiosa","NORTH_AMERICA",2018
"635",-120.96663,40.012916,"Mantis religiosa","NORTH_AMERICA",2023
"636",-117.106152,33.462752,"Mantis religiosa","NORTH_AMERICA",2023
"637",-120.979083,47.347439,"Mantis religiosa","NORTH_AMERICA",2023
"638",-114.568537,42.534257,"Mantis religiosa","NORTH_AMERICA",2023
"639",-103.300499,44.086578,"Mantis religiosa","NORTH_AMERICA",2019
"640",-116.939272,47.129202,"Mantis religiosa","NORTH_AMERICA",2023
"641",-117.207895,43.685347,"Mantis religiosa","NORTH_AMERICA",2023
"642",-111.526451,35.26362,"Mantis religiosa","NORTH_AMERICA",2023
"643",-118.437242,36.134933,"Mantis religiosa","NORTH_AMERICA",2023
"644",-118.707085,42.651982,"Mantis religiosa","NORTH_AMERICA",2023
"645",-118.884192,34.391523,"Mantis religiosa","NORTH_AMERICA",2020
"646",-113.557762,37.211497,"Mantis religiosa","NORTH_AMERICA",2019
"647",-112.366783,38.964817,"Mantis religiosa","NORTH_AMERICA",2023
"648",-116.827147,41.2103,"Mantis religiosa","NORTH_AMERICA",2023
"649",-114.301818,48.201155,"Mantis religiosa","NORTH_AMERICA",2022
"650",-108.895387,44.739885,"Mantis religiosa","NORTH_AMERICA",2023
"651",-119.164228,38.84821,"Mantis religiosa","NORTH_AMERICA",2023
"652",-108.033407,38.743365,"Mantis religiosa","NORTH_AMERICA",2023
"653",-117.639259,48.074131,"Mantis religiosa","NORTH_AMERICA",2021
"654",-113.551812,43.442738,"Mantis religiosa","NORTH_AMERICA",2023
"655",-112.016345,40.284741,"Mantis religiosa","NORTH_AMERICA",2023
"656",-113.858571,38.271463,"Mantis religiosa","NORTH_AMERICA",2023
"657",-123.72528,44.831833,"Mantis religiosa","NORTH_AMERICA",2023
"658",-123.483494,47.003151,"Mantis religiosa","NORTH_AMERICA",2017
"659",-115.254442,47.563691,"Mantis religiosa","NORTH_AMERICA",2022
"660",-124.779129,49.155074,"Mantis religiosa","NORTH_AMERICA",2022
"661",-103.356187,43.895133,"Mantis religiosa","NORTH_AMERICA",2020
"662",-108.781517,44.686718,"Mantis religiosa","NORTH_AMERICA",2022
"663",-117.369534,47.240015,"Mantis religiosa","NORTH_AMERICA",2022
"664",-119.29543,47.201455,"Mantis religiosa","NORTH_AMERICA",2022
"665",-119.762725,46.203158,"Mantis religiosa","NORTH_AMERICA",2022
"666",-118.54324,35.123796,"Mantis religiosa","NORTH_AMERICA",2022
"667",-118.790718,39.472786,"Mantis religiosa","NORTH_AMERICA",2022
"668",-118.223991,46.666531,"Mantis religiosa","NORTH_AMERICA",2022
"669",-121.222077,38.399196,"Mantis religiosa","NORTH_AMERICA",2014
"670",-107.9104,36.030633,"Mantis religiosa","NORTH_AMERICA",2022
"671",-119.1855,34.985083,"Mantis religiosa","NORTH_AMERICA",2022
"672",-119.726653,46.50323,"Mantis religiosa","NORTH_AMERICA",2022
"673",-120.611932,38.805585,"Mantis religiosa","NORTH_AMERICA",2022
"674",-119.763978,46.613025,"Mantis religiosa","NORTH_AMERICA",2022
"675",-122.966055,42.899197,"Mantis religiosa","NORTH_AMERICA",2020
"676",-119.752792,34.562562,"Mantis religiosa","NORTH_AMERICA",2022
"677",-123.096102,46.74256,"Mantis religiosa","NORTH_AMERICA",2017
"678",-118.28948,35.686928,"Mantis religiosa","NORTH_AMERICA",2022
"679",-116.350614,45.342961,"Mantis religiosa","NORTH_AMERICA",2022
"680",-111.511989,40.158192,"Mantis religiosa","NORTH_AMERICA",2022
"681",-117.857024,45.181657,"Mantis religiosa","NORTH_AMERICA",2019
"682",-118.272747,37.382105,"Mantis religiosa","NORTH_AMERICA",2018
"683",-111.819759,39.053491,"Mantis religiosa","NORTH_AMERICA",2022
"684",-109.498798,40.422786,"Mantis religiosa","NORTH_AMERICA",2021
"685",-116.555825,46.801742,"Mantis religiosa","NORTH_AMERICA",2022
"686",-121.630503,44.309148,"Mantis religiosa","NORTH_AMERICA",2022
"687",-120.946513,47.189704,"Mantis religiosa","NORTH_AMERICA",2020
"688",-120.825124,39.559051,"Mantis religiosa","NORTH_AMERICA",2022
"689",-120.426528,44.91993,"Mantis religiosa","NORTH_AMERICA",2022
"690",-114.915337,39.538055,"Mantis religiosa","NORTH_AMERICA",2022
"691",-111.381723,38.320546,"Mantis religiosa","NORTH_AMERICA",2022
"692",-113.625237,42.571178,"Mantis religiosa","NORTH_AMERICA",2022
"693",-111.499153,36.916287,"Mantis religiosa","NORTH_AMERICA",2022
"694",-121.547642,39.071349,"Mantis religiosa","NORTH_AMERICA",2022
"695",-119.95037,50.6365,"Mantis religiosa","NORTH_AMERICA",2022
"696",-120.407256,47.044654,"Mantis religiosa","NORTH_AMERICA",2022
"697",-120.658372,36.342817,"Mantis religiosa","NORTH_AMERICA",2022
"698",-111.663375,40.841517,"Mantis religiosa","NORTH_AMERICA",2022
"699",-118.699051,47.757487,"Mantis religiosa","NORTH_AMERICA",2022
"700",-120.817093,47.600744,"Mantis religiosa","NORTH_AMERICA",2022
"701",-112.662467,33.412144,"Mantis religiosa","NORTH_AMERICA",2022
"702",-117.973572,47.297875,"Mantis religiosa","NORTH_AMERICA",2022
"703",-103.730058,44.482058,"Mantis religiosa","NORTH_AMERICA",2019
"704",-114.096407,46.503189,"Mantis religiosa","NORTH_AMERICA",2021
"705",-119.701288,48.072477,"Mantis religiosa","NORTH_AMERICA",2022
"706",-119.492699,38.460304,"Mantis religiosa","NORTH_AMERICA",2022
"707",-115.867741,42.901424,"Mantis religiosa","NORTH_AMERICA",2017
"708",-121.423961,45.424294,"Mantis religiosa","NORTH_AMERICA",2022
"709",-120.627983,41.580372,"Mantis religiosa","NORTH_AMERICA",2022
"710",-119.504936,36.721786,"Mantis religiosa","NORTH_AMERICA",2022
"711",-115.566742,47.792325,"Mantis religiosa","NORTH_AMERICA",2022
"712",-122.813805,39.010692,"Mantis religiosa","NORTH_AMERICA",2022
"713",-122.21543,39.716533,"Mantis religiosa","NORTH_AMERICA",2022
"714",-119.168858,44.221281,"Mantis religiosa","NORTH_AMERICA",2022
"715",-112.124034,41.792021,"Mantis religiosa","NORTH_AMERICA",2022
"716",-111.65667,41.042028,"Mantis religiosa","NORTH_AMERICA",2022
"717",-113.723559,47.669289,"Mantis religiosa","NORTH_AMERICA",2022
"718",-120.964919,39.107255,"Mantis religiosa","NORTH_AMERICA",2022
"719",-118.075775,39.774922,"Mantis religiosa","NORTH_AMERICA",2022
"720",-124.027665,40.335891,"Mantis religiosa","NORTH_AMERICA",2022
"721",-120.606133,37.169068,"Mantis religiosa","NORTH_AMERICA",2022
"722",-119.184614,44.337056,"Mantis religiosa","NORTH_AMERICA",2022
"723",-119.204175,46.888215,"Mantis religiosa","NORTH_AMERICA",2019
"724",-119.317355,39.723055,"Mantis religiosa","NORTH_AMERICA",2022
"725",-118.765486,49.010417,"Mantis religiosa","NORTH_AMERICA",2021
"726",-116.936914,43.789283,"Mantis religiosa","NORTH_AMERICA",2019
"727",-111.780731,43.821991,"Mantis religiosa","NORTH_AMERICA",2022
"728",-118.328689,41.853017,"Mantis religiosa","NORTH_AMERICA",2020
"729",-122.230263,45.693464,"Mantis religiosa","NORTH_AMERICA",2022
"730",-118.764649,46.315999,"Mantis religiosa","NORTH_AMERICA",2021
"731",-119.28035,37.189595,"Mantis religiosa","NORTH_AMERICA",2022
"732",-119.170431,45.916581,"Mantis religiosa","NORTH_AMERICA",2022
"733",-119.107224,47.890683,"Mantis religiosa","NORTH_AMERICA",2022
"734",-119.314502,50.406049,"Mantis religiosa","NORTH_AMERICA",2022
"735",-114.806648,42.68576,"Mantis religiosa","NORTH_AMERICA",2022
"736",-116.036967,44.512136,"Mantis religiosa","NORTH_AMERICA",2022
"737",-114.219919,47.846978,"Mantis religiosa","NORTH_AMERICA",2022
"738",-120.604558,44.363328,"Mantis religiosa","NORTH_AMERICA",2022
"739",-117.631054,47.222193,"Mantis religiosa","NORTH_AMERICA",2022
"740",-122.901987,39.164611,"Mantis religiosa","NORTH_AMERICA",2022
"741",-121.187011,47.357553,"Mantis religiosa","NORTH_AMERICA",2022
"742",-106.199326,38.402773,"Mantis religiosa","NORTH_AMERICA",2022
"743",-123.37125,43.3907,"Mantis religiosa","NORTH_AMERICA",2017
"744",-114.36306,47.014336,"Mantis religiosa","NORTH_AMERICA",2022
"745",-119.193747,49.866233,"Mantis religiosa","NORTH_AMERICA",2022
"746",-122.790556,43.849722,"Mantis religiosa","NORTH_AMERICA",2020
"747",-119.031747,41.545545,"Mantis religiosa","NORTH_AMERICA",2022
"748",-105.227358,38.628792,"Mantis religiosa","NORTH_AMERICA",2022
"749",-124.02803,44.385897,"Mantis religiosa","NORTH_AMERICA",2022
"750",-107.837074,40.002478,"Mantis religiosa","NORTH_AMERICA",2022
"751",-116.110171,46.128259,"Mantis religiosa","NORTH_AMERICA",2022
"752",-122.64241,42.333388,"Mantis religiosa","NORTH_AMERICA",2022
"753",-115.466596,42.945761,"Mantis religiosa","NORTH_AMERICA",2021
"754",-119.567513,50.901233,"Mantis religiosa","NORTH_AMERICA",2021
"755",-119.014922,46.408997,"Mantis religiosa","NORTH_AMERICA",2021
"756",-116.395095,43.275488,"Mantis religiosa","NORTH_AMERICA",2021
"757",-121.022172,36.660012,"Mantis religiosa","NORTH_AMERICA",2021
"758",-116.546206,47.965603,"Mantis religiosa","NORTH_AMERICA",2020
"759",-120.93,37.309,"Mantis religiosa","NORTH_AMERICA",2011
"760",-116.890612,48.18093,"Mantis religiosa","NORTH_AMERICA",2021
"761",-114.50634,37.526631,"Mantis religiosa","NORTH_AMERICA",2021
"762",-121.569211,45.533813,"Mantis religiosa","NORTH_AMERICA",2018
"763",-123.391442,41.777825,"Mantis religiosa","NORTH_AMERICA",2021
"764",-117.695253,45.122163,"Mantis religiosa","NORTH_AMERICA",2021
"765",-123.631606,39.741183,"Mantis religiosa","NORTH_AMERICA",2021
"766",-123.3872,39.027481,"Mantis religiosa","NORTH_AMERICA",2021
"767",-121.266943,38.110591,"Mantis religiosa","NORTH_AMERICA",2021
"768",-111.735825,43.578687,"Mantis religiosa","NORTH_AMERICA",2021
"769",-120.530511,42.18065,"Mantis religiosa","NORTH_AMERICA",2021
"770",-116.427003,43.508092,"Mantis religiosa","NORTH_AMERICA",2020
"771",-115.391903,45.474878,"Mantis religiosa","NORTH_AMERICA",2021
"772",-123.331138,41.260217,"Mantis religiosa","NORTH_AMERICA",2021
"773",-116.266459,45.081318,"Mantis religiosa","NORTH_AMERICA",2021
"774",-112.023064,42.431787,"Mantis religiosa","NORTH_AMERICA",2021
"775",-117.042985,42.956301,"Mantis religiosa","NORTH_AMERICA",2021
"776",-119.371425,38.045058,"Mantis religiosa","NORTH_AMERICA",2021
"777",-119.337403,47.587925,"Mantis religiosa","NORTH_AMERICA",2020
"778",-114.304528,42.377956,"Mantis religiosa","NORTH_AMERICA",2021
"779",-120.374855,37.991665,"Mantis religiosa","NORTH_AMERICA",2021
"780",-115.494478,40.201157,"Mantis religiosa","NORTH_AMERICA",2021
"781",-112.239045,42.184417,"Mantis religiosa","NORTH_AMERICA",2021
"782",-118.995411,50.554421,"Mantis religiosa","NORTH_AMERICA",2021
"783",-120.12838,37.730928,"Mantis religiosa","NORTH_AMERICA",2021
"784",-111.8046,42.18164,"Mantis religiosa","NORTH_AMERICA",2021
"785",-120.609281,38.750549,"Mantis religiosa","NORTH_AMERICA",2021
"786",-116.64246,44.131674,"Mantis religiosa","NORTH_AMERICA",2021
"787",-108.213933,36.750287,"Mantis religiosa","NORTH_AMERICA",2021
"788",-117.671568,48.297417,"Mantis religiosa","NORTH_AMERICA",2021
"789",-110.710168,40.355744,"Mantis religiosa","NORTH_AMERICA",2021
"790",-117.614441,46.676457,"Mantis religiosa","NORTH_AMERICA",2021
"791",-118.120046,41.899559,"Mantis religiosa","NORTH_AMERICA",2021
"792",-117.879967,48.445603,"Mantis religiosa","NORTH_AMERICA",2021
"793",-121.452738,41.080134,"Mantis religiosa","NORTH_AMERICA",2019
"794",-107.714651,36.781375,"Mantis religiosa","NORTH_AMERICA",2021
"795",-117.294137,45.357078,"Mantis religiosa","NORTH_AMERICA",2021
"796",-114.310812,47.811859,"Mantis religiosa","NORTH_AMERICA",2021
"797",-115.664701,40.458117,"Mantis religiosa","NORTH_AMERICA",2021
"798",-123.44883,45.093586,"Mantis religiosa","NORTH_AMERICA",2021
"799",-117.839778,44.526903,"Mantis religiosa","NORTH_AMERICA",2021
"800",-109.532045,38.002087,"Mantis religiosa","NORTH_AMERICA",2019
"801",-107.863884,37.280636,"Mantis religiosa","NORTH_AMERICA",2021
"802",-108.381594,38.837253,"Mantis religiosa","NORTH_AMERICA",2021
"803",-113.685522,46.779465,"Mantis religiosa","NORTH_AMERICA",2021
"804",-118.914856,42.826619,"Mantis religiosa","NORTH_AMERICA",2021
"805",-120.223202,45.731383,"Mantis religiosa","NORTH_AMERICA",2021
"806",-112.864345,42.346025,"Mantis religiosa","NORTH_AMERICA",2021
"807",-115.832671,48.422192,"Mantis religiosa","NORTH_AMERICA",2021
"808",-112.904893,42.072848,"Mantis religiosa","NORTH_AMERICA",2021
"809",-120.609092,45.897286,"Mantis religiosa","NORTH_AMERICA",2021
"810",-117.780062,45.02407,"Mantis religiosa","NORTH_AMERICA",2020
"811",-117.820297,49.100807,"Mantis religiosa","NORTH_AMERICA",2021
"812",-119.502534,47.40233,"Mantis religiosa","NORTH_AMERICA",2021
"813",-117.167872,46.069542,"Mantis religiosa","NORTH_AMERICA",2021
"814",-114.906162,47.463248,"Mantis religiosa","NORTH_AMERICA",2021
"815",-118.246497,45.790696,"Mantis religiosa","NORTH_AMERICA",2021
"816",-117.045506,43.410422,"Mantis religiosa","NORTH_AMERICA",2020
"817",-121.099731,45.241856,"Mantis religiosa","NORTH_AMERICA",2020
"818",-105.94907,35.396784,"Mantis religiosa","NORTH_AMERICA",2020
"819",-123.256008,39.829048,"Mantis religiosa","NORTH_AMERICA",2020
"820",-116.236588,43.217922,"Mantis religiosa","NORTH_AMERICA",2020
"821",-105.207442,42.188996,"Mantis religiosa","NORTH_AMERICA",2020
"822",-117.226202,44.301971,"Mantis religiosa","NORTH_AMERICA",2020
"823",-107.854055,37.358461,"Mantis religiosa","NORTH_AMERICA",2020
"824",-121.278732,36.6852,"Mantis religiosa","NORTH_AMERICA",2017
"825",-121.981439,39.7984,"Mantis religiosa","NORTH_AMERICA",2020
"826",-104.047634,43.802554,"Mantis religiosa","NORTH_AMERICA",2020
"827",-106.337527,35.648086,"Mantis religiosa","NORTH_AMERICA",2014
"828",-114.860192,42.79822,"Mantis religiosa","NORTH_AMERICA",2020
"829",-116.895628,43.106492,"Mantis religiosa","NORTH_AMERICA",2020
"830",-120.531373,41.499393,"Mantis religiosa","NORTH_AMERICA",2020
"831",-120.329984,41.993293,"Mantis religiosa","NORTH_AMERICA",2020
"832",-113.266693,37.20566,"Mantis religiosa","NORTH_AMERICA",2020
"833",-118.665663,36.79787,"Mantis religiosa","NORTH_AMERICA",2020
"834",-119.339313,44.449659,"Mantis religiosa","NORTH_AMERICA",2020
"835",-116.484173,44.853926,"Mantis religiosa","NORTH_AMERICA",2020
"836",-119.493404,38.738945,"Mantis religiosa","NORTH_AMERICA",2020
"837",-116.080718,44.476272,"Mantis religiosa","NORTH_AMERICA",2020
"838",-120.965814,35.564639,"Mantis religiosa","NORTH_AMERICA",2020
"839",-116.9398,42.908644,"Mantis religiosa","NORTH_AMERICA",2020
"840",-117.319829,33.980557,"Mantis religiosa","NORTH_AMERICA",2020
"841",-121.698506,45.908357,"Mantis religiosa","NORTH_AMERICA",2020
"842",-119.477193,37.823506,"Mantis religiosa","NORTH_AMERICA",2020
"843",-121.021579,45.264176,"Mantis religiosa","NORTH_AMERICA",2020
"844",-120.520292,35.060675,"Mantis religiosa","NORTH_AMERICA",2020
"845",-113.950547,46.468067,"Mantis religiosa","NORTH_AMERICA",2020
"846",-115.500682,44.19077,"Mantis religiosa","NORTH_AMERICA",2020
"847",-114.009832,47.34175,"Mantis religiosa","NORTH_AMERICA",2020
"848",-117.759736,42.075417,"Mantis religiosa","NORTH_AMERICA",2020
"849",-115.963753,41.815191,"Mantis religiosa","NORTH_AMERICA",2020
"850",-123.578712,44.391911,"Mantis religiosa","NORTH_AMERICA",2020
"851",-116.799736,44.446162,"Mantis religiosa","NORTH_AMERICA",2020
"852",-116.769276,46.733972,"Mantis religiosa","NORTH_AMERICA",2020
"853",-119.520975,48.408914,"Mantis religiosa","NORTH_AMERICA",2020
"854",-110.430059,38.828233,"Mantis religiosa","NORTH_AMERICA",2020
"855",-123.595662,40.491796,"Mantis religiosa","NORTH_AMERICA",2020
"856",-118.600288,50.242408,"Mantis religiosa","NORTH_AMERICA",2020
"857",-124.005947,43.759396,"Mantis religiosa","NORTH_AMERICA",2020
"858",-116.969333,44.250998,"Mantis religiosa","NORTH_AMERICA",2020
"859",-118.710717,48.649958,"Mantis religiosa","NORTH_AMERICA",2020
"860",-116.136142,47.540672,"Mantis religiosa","NORTH_AMERICA",2020
"861",-120.937855,38.404575,"Mantis religiosa","NORTH_AMERICA",2020
"862",-116.995103,46.058133,"Mantis religiosa","NORTH_AMERICA",2020
"863",-123.622948,47.111887,"Mantis religiosa","NORTH_AMERICA",2019
"864",-118.663938,34.907782,"Mantis religiosa","NORTH_AMERICA",2016
"865",-122.960533,39.443553,"Mantis religiosa","NORTH_AMERICA",2019
"866",-118.802125,39.464833,"Mantis religiosa","NORTH_AMERICA",2019
"867",-120.82908,36.923932,"Mantis religiosa","NORTH_AMERICA",2019
"868",-106.158163,35.362234,"Mantis religiosa","NORTH_AMERICA",2019
"869",-106.566445,35.352555,"Mantis religiosa","NORTH_AMERICA",2019
"870",-117.223542,48.050178,"Mantis religiosa","NORTH_AMERICA",2019
"871",-123.270666,43.020309,"Mantis religiosa","NORTH_AMERICA",2019
"872",-114.375563,43.703063,"Mantis religiosa","NORTH_AMERICA",2019
"873",-114.91661,44.750987,"Mantis religiosa","NORTH_AMERICA",2019
"874",-118.15305,37.282932,"Mantis religiosa","NORTH_AMERICA",2019
"875",-116.13212,45.405398,"Mantis religiosa","NORTH_AMERICA",2019
"876",-116.748193,45.76342,"Mantis religiosa","NORTH_AMERICA",2019
"877",-122.388557,46.289907,"Mantis religiosa","NORTH_AMERICA",2019
"878",-119.848399,44.12197,"Mantis religiosa","NORTH_AMERICA",2019
"879",-108.432899,35.48077,"Mantis religiosa","NORTH_AMERICA",2019
"880",-117.979271,47.883389,"Mantis religiosa","NORTH_AMERICA",2019
"881",-108.932128,40.647105,"Mantis religiosa","NORTH_AMERICA",2019
"882",-109.466474,41.529093,"Mantis religiosa","NORTH_AMERICA",2019
"883",-104.378939,44.40454,"Mantis religiosa","NORTH_AMERICA",2019
"884",-117.526844,41.611417,"Mantis religiosa","NORTH_AMERICA",2019
"885",-113.246569,37.04035,"Mantis religiosa","NORTH_AMERICA",2019
"886",-112.011939,42.619053,"Mantis religiosa","NORTH_AMERICA",2019
"887",-121.295982,36.267021,"Mantis religiosa","NORTH_AMERICA",2018
"888",-121.082911,37.21771,"Mantis religiosa","NORTH_AMERICA",2018
"889",-112.55097,41.617484,"Mantis religiosa","NORTH_AMERICA",2018
"890",-118.846337,36.492522,"Mantis religiosa","NORTH_AMERICA",2018
"891",-120.187771,48.559486,"Mantis religiosa","NORTH_AMERICA",2018
"892",-120.457108,41.221516,"Mantis religiosa","NORTH_AMERICA",2018
"893",-104.924485,36.554131,"Mantis religiosa","NORTH_AMERICA",2018
"894",-109.006285,40.245425,"Mantis religiosa","NORTH_AMERICA",2018
"895",-121.733987,42.292924,"Mantis religiosa","NORTH_AMERICA",2018
"896",-115.93242,40.762661,"Mantis religiosa","NORTH_AMERICA",2018
"897",-111.706172,42.308891,"Mantis religiosa","NORTH_AMERICA",2018
"898",-119.508967,48.150693,"Mantis religiosa","NORTH_AMERICA",2018
"899",-121.505172,36.341,"Mantis religiosa","NORTH_AMERICA",2017
"900",-115.787609,45.463238,"Mantis religiosa","NORTH_AMERICA",2018
"901",-123.96726,47.165501,"Mantis religiosa","NORTH_AMERICA",2018
"902",-121.013563,44.058529,"Mantis religiosa","NORTH_AMERICA",2018
"903",-116.88176,44.672351,"Mantis religiosa","NORTH_AMERICA",2018
"904",-118.538625,37.272977,"Mantis religiosa","NORTH_AMERICA",2018
"905",-118.213391,33.977662,"Mantis religiosa","NORTH_AMERICA",2017
"906",-112.388856,37.127128,"Mantis religiosa","NORTH_AMERICA",2017
"907",-118.3783,34.6431,"Mantis religiosa","NORTH_AMERICA",2017
"908",-114.628173,42.794036,"Mantis religiosa","NORTH_AMERICA",2017
"909",-109.575326,37.305643,"Mantis religiosa","NORTH_AMERICA",2017
"910",-117.515892,44.573028,"Mantis religiosa","NORTH_AMERICA",2017
"911",-120.542455,41.487115,"Mantis religiosa","NORTH_AMERICA",2017
"912",-119.655586,42.549171,"Mantis religiosa","NORTH_AMERICA",2017
"913",-109.827142,38.938247,"Mantis religiosa","NORTH_AMERICA",2017
"914",-118.493377,34.953222,"Mantis religiosa","NORTH_AMERICA",2017
"915",-104.710119,44.587372,"Mantis religiosa","NORTH_AMERICA",2017
"916",-121.518145,40.801707,"Mantis religiosa","NORTH_AMERICA",2016
"917",-120.76767,40.204353,"Mantis religiosa","NORTH_AMERICA",2016
"918",-121.008341,36.491338,"Mantis religiosa","NORTH_AMERICA",2016
"919",-120.195833,37.826389,"Mantis religiosa","NORTH_AMERICA",2016
"920",-122.524654,41.652185,"Mantis religiosa","NORTH_AMERICA",2016
"921",-119.789642,38.726117,"Mantis religiosa","NORTH_AMERICA",2016
"922",-118.520623,39.530405,"Mantis religiosa","NORTH_AMERICA",2016
"923",-110.167253,38.99522,"Mantis religiosa","NORTH_AMERICA",2016
"924",-121.609833,40.347689,"Mantis religiosa","NORTH_AMERICA",2016
"925",-112.694727,43.321979,"Mantis religiosa","NORTH_AMERICA",2016
"926",-122.891753,40.85777,"Mantis religiosa","NORTH_AMERICA",2015
"927",-116.678572,43.870413,"Mantis religiosa","NORTH_AMERICA",2015
"928",-123.501549,43.876861,"Mantis religiosa","NORTH_AMERICA",2014
"929",-117.080496,39.506743,"Mantis religiosa","NORTH_AMERICA",2013
"930",-122.410291,39.097473,"Mantis religiosa","NORTH_AMERICA",2013
"931",-116.333924,45.889367,"Mantis religiosa","NORTH_AMERICA",2013
"932",-122.00221,40.431848,"Mantis religiosa","NORTH_AMERICA",2013
"933",-103.825921,43.732489,"Mantis religiosa","NORTH_AMERICA",2012
"934",-113.212676,40.188681,"Mantis religiosa","NORTH_AMERICA",2012
"935",-118.305045,35.669012,"Mantis religiosa","NORTH_AMERICA",2012
"936",-118.402404,42.518675,"Mantis religiosa","NORTH_AMERICA",2012
"937",-112.977465,37.371661,"Mantis religiosa","NORTH_AMERICA",2012
"938",-118.905833,35.2585,"Mantis religiosa","NORTH_AMERICA",2012
"939",-109.046651,35.761408,"Mantis religiosa","NORTH_AMERICA",2011
"940",-119.400518,34.9342,"Mantis religiosa","NORTH_AMERICA",2010
"941",-123.194847,39.492649,"Mantis religiosa","NORTH_AMERICA",2009
"942",-118.655572,44.104491,"Mantis religiosa","NORTH_AMERICA",2008
"943",-118.507964,45.60225,"Mantis religiosa","NORTH_AMERICA",2007
"944",-117.240297,48.009342,"Mantis religiosa","NORTH_AMERICA",2006
"945",-118.565752,36.486367,"Mantis religiosa","NORTH_AMERICA",2006
"946",-111.414833,37.793667,"Mantis religiosa","NORTH_AMERICA",2003
"947",-100.977222,22.152778,"Mantis religiosa","NORTH_AMERICA",1958
"948",-102.474167,19.589444,"Mantis religiosa","NORTH_AMERICA",1980
"949",-99.495,21.656111,"Mantis religiosa","NORTH_AMERICA",1968
