"","species","long","lat","continent","year"
"1","Mantis religiosa",-121.711596,38.552491,"NORTH_AMERICA",2019
"2","Mantis religiosa",-104.877173,39.580745,"NORTH_AMERICA",2018
"3","Mantis religiosa",-82.24053,42.905751,"NORTH_AMERICA",2017
"4","Mantis religiosa",-80.248955,43.694388,"NORTH_AMERICA",2019
"5","Mantis religiosa",-122.512288,38.362883,"NORTH_AMERICA",2016
"6","Mantis religiosa",-76.480828,42.480312,"NORTH_AMERICA",2016
"7","Mantis religiosa",-117.044873,32.839148,"NORTH_AMERICA",2020
"8","Mantis religiosa",-79.873262,43.649913,"NORTH_AMERICA",2019
"9","Mantis religiosa",-73.855973,41.275684,"NORTH_AMERICA",2020
"10","Mantis religiosa",-76.24169,44.906105,"NORTH_AMERICA",2020
"11","Mantis religiosa",-116.88513,32.912709,"NORTH_AMERICA",2020
"12","Mantis religiosa",-75.141425,39.932392,"NORTH_AMERICA",2019
"13","Mantis religiosa",-81.355066,41.060421,"NORTH_AMERICA",2011
"14","Mantis religiosa",-121.863272,37.958166,"NORTH_AMERICA",2018
"15","Mantis religiosa",-122.545224,45.562082,"NORTH_AMERICA",2017
"16","Mantis religiosa",-73.184797,44.025019,"NORTH_AMERICA",2013
"17","Mantis religiosa",-121.650536,37.167323,"NORTH_AMERICA",2019
"18","Mantis religiosa",-73.882131,42.611632,"NORTH_AMERICA",2019
"19","Mantis religiosa",-79.931978,43.357863,"NORTH_AMERICA",2018
"20","Mantis religiosa",-119.831376,39.551422,"NORTH_AMERICA",2020
"21","Mantis religiosa",-75.398747,40.320399,"NORTH_AMERICA",2020
"22","Mantis religiosa",-81.210901,42.955343,"NORTH_AMERICA",2019
"23","Mantis religiosa",-70.72039,43.6729,"NORTH_AMERICA",2020
"24","Mantis religiosa",-122.747261,38.203553,"NORTH_AMERICA",2020
"25","Mantis religiosa",-119.8519,39.363884,"NORTH_AMERICA",2019
"26","Mantis religiosa",-116.985901,46.742662,"NORTH_AMERICA",2020
"27","Mantis religiosa",-100.39189,44.46537,"NORTH_AMERICA",2020
"28","Mantis religiosa",-121.068292,38.880978,"NORTH_AMERICA",2020
"29","Mantis religiosa",-83.313766,42.678528,"NORTH_AMERICA",2018
"30","Mantis religiosa",-111.776712,41.768683,"NORTH_AMERICA",2020
"31","Mantis religiosa",-78.319747,44.309032,"NORTH_AMERICA",2020
"32","Mantis religiosa",-123.466627,43.263221,"NORTH_AMERICA",2017
"33","Mantis religiosa",-71.372155,42.132422,"NORTH_AMERICA",2020
"34","Mantis religiosa",-123.191917,44.632095,"NORTH_AMERICA",2016
"35","Mantis religiosa",-78.689483,44.591216,"NORTH_AMERICA",2013
"36","Mantis religiosa",-71.888936,42.892168,"NORTH_AMERICA",2020
"37","Mantis religiosa",-80.008361,43.820281,"NORTH_AMERICA",2017
"38","Mantis religiosa",-73.337945,41.680592,"NORTH_AMERICA",2020
"39","Mantis religiosa",-72.505414,43.913565,"NORTH_AMERICA",2020
"40","Mantis religiosa",-71.080738,42.056956,"NORTH_AMERICA",2015
"41","Mantis religiosa",-105.227272,39.985584,"NORTH_AMERICA",2019
"42","Mantis religiosa",-117.070269,46.763121,"NORTH_AMERICA",2020
"43","Mantis religiosa",-117.400539,47.8045,"NORTH_AMERICA",2020
"44","Mantis religiosa",-122.545303,45.47532,"NORTH_AMERICA",2020
"45","Mantis religiosa",-76.38689,45.416388,"NORTH_AMERICA",2018
"46","Mantis religiosa",-111.994753,41.068559,"NORTH_AMERICA",2019
"47","Mantis religiosa",-122.389423,47.185943,"NORTH_AMERICA",2020
"48","Mantis religiosa",-71.874787,41.339992,"NORTH_AMERICA",2020
"49","Mantis religiosa",-121.21095,38.647942,"NORTH_AMERICA",2020
"50","Mantis religiosa",-70.897655,43.0551,"NORTH_AMERICA",2020
"51","Mantis religiosa",-80.335239,43.663201,"NORTH_AMERICA",2019
"52","Mantis religiosa",-80.368256,43.376443,"NORTH_AMERICA",2019
"53","Mantis religiosa",-75.426163,40.097417,"NORTH_AMERICA",2019
"54","Mantis religiosa",-111.920747,40.749133,"NORTH_AMERICA",2020
"55","Mantis religiosa",-105.018196,40.559725,"NORTH_AMERICA",2019
"56","Mantis religiosa",-76.193836,45.200071,"NORTH_AMERICA",2019
"57","Mantis religiosa",-75.00895,40.029197,"NORTH_AMERICA",2020
"58","Mantis religiosa",-108.548805,45.758488,"NORTH_AMERICA",2020
"59","Mantis religiosa",-77.758837,44.467247,"NORTH_AMERICA",2018
"60","Mantis religiosa",-111.640895,40.237482,"NORTH_AMERICA",2020
"61","Mantis religiosa",-79.382933,43.861947,"NORTH_AMERICA",2019
"62","Mantis religiosa",-105.314491,40.019193,"NORTH_AMERICA",2020
"63","Mantis religiosa",-105.289082,40.111789,"NORTH_AMERICA",2019
"64","Mantis religiosa",-80.13,43.53,"NORTH_AMERICA",2002
"65","Mantis religiosa",-75.569313,39.829278,"NORTH_AMERICA",2020
"66","Mantis religiosa",-75.799436,39.857174,"NORTH_AMERICA",2020
"67","Mantis religiosa",-117.354784,47.5498,"NORTH_AMERICA",2019
"68","Mantis religiosa",-72.956339,45.630687,"NORTH_AMERICA",2020
"69","Mantis religiosa",-80.25566,43.239584,"NORTH_AMERICA",2020
"70","Mantis religiosa",-116.665936,43.560527,"NORTH_AMERICA",2020
"71","Mantis religiosa",-81.235023,46.580825,"NORTH_AMERICA",2020
"72","Mantis religiosa",-79.776449,43.265581,"NORTH_AMERICA",2016
"73","Mantis religiosa",-111.848312,40.88562,"NORTH_AMERICA",2019
"74","Mantis religiosa",-111.95775,41.616246,"NORTH_AMERICA",2008
"75","Mantis religiosa",-121.93268,37.574786,"NORTH_AMERICA",2020
"76","Mantis religiosa",-121.113564,38.344995,"NORTH_AMERICA",2020
"77","Mantis religiosa",-116.942871,32.616341,"NORTH_AMERICA",2017
"78","Mantis religiosa",-122.283092,38.303102,"NORTH_AMERICA",2020
"79","Mantis religiosa",-69.605639,44.451823,"NORTH_AMERICA",2020
"80","Mantis religiosa",-79.246863,43.159375,"NORTH_AMERICA",2018
"81","Mantis religiosa",-119.185309,34.99432,"NORTH_AMERICA",2020
"82","Mantis religiosa",-117.045506,43.410422,"NORTH_AMERICA",2020
"83","Mantis religiosa",-78.916157,43.913722,"NORTH_AMERICA",2020
"84","Mantis religiosa",-122.69987,38.58437,"NORTH_AMERICA",2015
"85","Mantis religiosa",-104.828681,39.988507,"NORTH_AMERICA",2013
"86","Mantis religiosa",-119.6259,49.004066,"NORTH_AMERICA",2019
"87","Mantis religiosa",-116.060346,43.529238,"NORTH_AMERICA",2020
"88","Mantis religiosa",-121.666069,38.436153,"NORTH_AMERICA",2015
"89","Mantis religiosa",-105.086039,40.574952,"NORTH_AMERICA",2019
"90","Mantis religiosa",-122.900875,44.520069,"NORTH_AMERICA",2020
"91","Mantis religiosa",-121.544844,39.589234,"NORTH_AMERICA",2012
"92","Mantis religiosa",-119.582244,49.286336,"NORTH_AMERICA",2020
"93","Mantis religiosa",-74.985925,40.141665,"NORTH_AMERICA",2020
"94","Mantis religiosa",-122.088993,37.812864,"NORTH_AMERICA",2017
"95","Mantis religiosa",-122.002694,38.315808,"NORTH_AMERICA",2020
"96","Mantis religiosa",-103.238989,34.246974,"NORTH_AMERICA",2020
"97","Mantis religiosa",-112.042757,41.059158,"NORTH_AMERICA",2016
"98","Mantis religiosa",-119.092448,46.159301,"NORTH_AMERICA",2020
"99","Mantis religiosa",-122.504303,45.487225,"NORTH_AMERICA",2017
"100","Mantis religiosa",-121.099731,45.241856,"NORTH_AMERICA",2020
"101","Mantis religiosa",-121.1564,36.503261,"NORTH_AMERICA",2015
"102","Mantis religiosa",-78.446333,44.007673,"NORTH_AMERICA",2020
"103","Mantis religiosa",-119.619028,49.859913,"NORTH_AMERICA",2020
"104","Mantis religiosa",-106.102574,35.565188,"NORTH_AMERICA",2019
"105","Mantis religiosa",-73.933095,41.606302,"NORTH_AMERICA",2020
"106","Mantis religiosa",-102.969906,42.830894,"NORTH_AMERICA",2020
"107","Mantis religiosa",-105.94907,35.396784,"NORTH_AMERICA",2020
"108","Mantis religiosa",-102.80074,40.857757,"NORTH_AMERICA",2020
"109","Mantis religiosa",-81.907187,42.478666,"NORTH_AMERICA",2020
"110","Mantis religiosa",-106.618729,35.089074,"NORTH_AMERICA",2017
"111","Mantis religiosa",-78.097961,44.175903,"NORTH_AMERICA",2020
"112","Mantis religiosa",-79.652894,43.777186,"NORTH_AMERICA",2017
"113","Mantis religiosa",-117.871307,45.203411,"NORTH_AMERICA",2020
"114","Mantis religiosa",-78.124694,44.456865,"NORTH_AMERICA",2019
"115","Mantis religiosa",-123.256008,39.829048,"NORTH_AMERICA",2020
"116","Mantis religiosa",-121.268562,45.689833,"NORTH_AMERICA",2020
"117","Mantis religiosa",-121.944398,37.395568,"NORTH_AMERICA",2019
"118","Mantis religiosa",-75.813646,45.016309,"NORTH_AMERICA",2016
"119","Mantis religiosa",-121.779839,36.627333,"NORTH_AMERICA",2020
"120","Mantis religiosa",-82.02281,43.090171,"NORTH_AMERICA",2016
"121","Mantis religiosa",-121.51805,38.238128,"NORTH_AMERICA",2020
"122","Mantis religiosa",-116.236588,43.217922,"NORTH_AMERICA",2020
"123","Mantis religiosa",-105.197131,39.656684,"NORTH_AMERICA",2018
"124","Mantis religiosa",-103.342678,34.164188,"NORTH_AMERICA",2020
"125","Mantis religiosa",-104.738687,40.588503,"NORTH_AMERICA",2020
"126","Mantis religiosa",-87.860568,42.874941,"NORTH_AMERICA",2019
"127","Mantis religiosa",-82.233208,45.730367,"NORTH_AMERICA",2020
"128","Mantis religiosa",-105.207442,42.188996,"NORTH_AMERICA",2020
"129","Mantis religiosa",-77.952774,43.201668,"NORTH_AMERICA",2016
"130","Mantis religiosa",-117.226202,44.301971,"NORTH_AMERICA",2020
"131","Mantis religiosa",-104.695992,38.837078,"NORTH_AMERICA",2020
"132","Mantis religiosa",-79.448673,43.653768,"NORTH_AMERICA",2019
"133","Mantis religiosa",-106.190343,35.074084,"NORTH_AMERICA",2020
"134","Mantis religiosa",-80.458251,42.61537,"NORTH_AMERICA",2017
"135","Mantis religiosa",-73.526506,41.389931,"NORTH_AMERICA",2020
"136","Mantis religiosa",-105.365937,35.261142,"NORTH_AMERICA",2020
"137","Mantis religiosa",-77.66158,42.836323,"NORTH_AMERICA",2020
"138","Mantis religiosa",-73.280561,44.085144,"NORTH_AMERICA",2020
"139","Mantis religiosa",-121.741943,37.292147,"NORTH_AMERICA",2020
"140","Mantis religiosa",-84.773588,43.586242,"NORTH_AMERICA",2018
"141","Mantis religiosa",-114.382778,42.5875,"NORTH_AMERICA",2020
"142","Mantis religiosa",-122.935228,44.059536,"NORTH_AMERICA",2020
"143","Mantis religiosa",-121.794768,39.742057,"NORTH_AMERICA",2020
"144","Mantis religiosa",-123.336315,39.41975,"NORTH_AMERICA",2020
"145","Mantis religiosa",-108.487054,45.811812,"NORTH_AMERICA",2019
"146","Mantis religiosa",-118.430364,49.035793,"NORTH_AMERICA",2020
"147","Mantis religiosa",-76.388221,44.141495,"NORTH_AMERICA",2018
"148","Mantis religiosa",-75.592689,41.092586,"NORTH_AMERICA",2020
"149","Mantis religiosa",-116.760513,32.714588,"NORTH_AMERICA",2020
"150","Mantis religiosa",-123.086802,39.135166,"NORTH_AMERICA",2020
"151","Mantis religiosa",-118.127022,43.78857,"NORTH_AMERICA",2020
"152","Mantis religiosa",-76.040711,44.292775,"NORTH_AMERICA",2020
"153","Mantis religiosa",-79.421363,44.519917,"NORTH_AMERICA",2020
"154","Mantis religiosa",-74.153,41.754,"NORTH_AMERICA",1995
"155","Mantis religiosa",-105.179344,40.519821,"NORTH_AMERICA",2018
"156","Mantis religiosa",-76.709633,44.413463,"NORTH_AMERICA",2019
"157","Mantis religiosa",-118.837351,45.672709,"NORTH_AMERICA",2020
"158","Mantis religiosa",-80.64654,44.314262,"NORTH_AMERICA",2020
"159","Mantis religiosa",-109.455887,38.419262,"NORTH_AMERICA",2020
"160","Mantis religiosa",-122.922635,38.558787,"NORTH_AMERICA",2019
"161","Mantis religiosa",-81.350762,42.972363,"NORTH_AMERICA",2020
"162","Mantis religiosa",-79.581012,44.625625,"NORTH_AMERICA",2020
"163","Mantis religiosa",-68.67,44.4,"NORTH_AMERICA",2020
"164","Mantis religiosa",-75.723983,44.94695,"NORTH_AMERICA",2018
"165","Mantis religiosa",-110.132776,34.935674,"NORTH_AMERICA",2020
"166","Mantis religiosa",-71.615987,42.605629,"NORTH_AMERICA",2020
"167","Mantis religiosa",-116.263554,43.589373,"NORTH_AMERICA",2020
"168","Mantis religiosa",-77.200415,43.354083,"NORTH_AMERICA",2020
"169","Mantis religiosa",-104.958893,40.127662,"NORTH_AMERICA",2020
"170","Mantis religiosa",-101.583555,41.216165,"NORTH_AMERICA",2020
"171","Mantis religiosa",-77.812976,44.252608,"NORTH_AMERICA",2020
"172","Mantis religiosa",-73.786548,43.063255,"NORTH_AMERICA",2020
"173","Mantis religiosa",-85.569503,44.321408,"NORTH_AMERICA",2020
"174","Mantis religiosa",-104.796106,38.827142,"NORTH_AMERICA",2019
"175","Mantis religiosa",-84.44879,42.598007,"NORTH_AMERICA",2020
"176","Mantis religiosa",-78.837805,43.11362,"NORTH_AMERICA",2020
"177","Mantis religiosa",-87.276256,45.012383,"NORTH_AMERICA",2020
"178","Mantis religiosa",-78.052291,39.337356,"NORTH_AMERICA",2020
"179","Mantis religiosa",-88.419976,43.025552,"NORTH_AMERICA",2020
"180","Mantis religiosa",-78.69645,43.9351,"NORTH_AMERICA",2020
"181","Mantis religiosa",-118.402328,37.468722,"NORTH_AMERICA",2018
"182","Mantis religiosa",-76.005295,45.383679,"NORTH_AMERICA",2020
"183","Mantis religiosa",-72.772362,42.005883,"NORTH_AMERICA",2020
"184","Mantis religiosa",-76.313076,39.537496,"NORTH_AMERICA",2020
"185","Mantis religiosa",-73.093296,44.849675,"NORTH_AMERICA",2018
"186","Mantis religiosa",-107.855713,37.309892,"NORTH_AMERICA",2020
"187","Mantis religiosa",-119.490013,49.009925,"NORTH_AMERICA",2018
"188","Mantis religiosa",-104.691888,40.424621,"NORTH_AMERICA",2020
"189","Mantis religiosa",-84.05313,44.182872,"NORTH_AMERICA",2020
"190","Mantis religiosa",-120.8544,37.056856,"NORTH_AMERICA",2020
"191","Mantis religiosa",-121.455542,38.472022,"NORTH_AMERICA",2016
"192","Mantis religiosa",-118.144661,34.697283,"NORTH_AMERICA",2017
"193","Mantis religiosa",-75.438384,45.560274,"NORTH_AMERICA",2020
"194","Mantis religiosa",-122.688828,42.192183,"NORTH_AMERICA",2020
"195","Mantis religiosa",-121.278732,36.6852,"NORTH_AMERICA",2017
"196","Mantis religiosa",-73.486854,45.51306,"NORTH_AMERICA",2007
"197","Mantis religiosa",-119.340828,50.235608,"NORTH_AMERICA",2020
"198","Mantis religiosa",-117.575762,47.48739,"NORTH_AMERICA",2015
"199","Mantis religiosa",-85.076248,45.311378,"NORTH_AMERICA",2020
"200","Mantis religiosa",-105.001301,40.530786,"NORTH_AMERICA",2019
"201","Mantis religiosa",-72.487073,42.648152,"NORTH_AMERICA",2020
"202","Mantis religiosa",-76.682466,44.222748,"NORTH_AMERICA",2020
"203","Mantis religiosa",-108.975638,45.488247,"NORTH_AMERICA",2020
"204","Mantis religiosa",-70.231165,44.097851,"NORTH_AMERICA",2020
"205","Mantis religiosa",-78.376734,44.273405,"NORTH_AMERICA",2020
"206","Mantis religiosa",-75.226599,45.207083,"NORTH_AMERICA",2017
"207","Mantis religiosa",-71.821547,42.554172,"NORTH_AMERICA",2020
"208","Mantis religiosa",-79.95192,43.245813,"NORTH_AMERICA",2019
"209","Mantis religiosa",-114.081108,46.824165,"NORTH_AMERICA",2019
"210","Mantis religiosa",-123.1792,44.0963,"NORTH_AMERICA",2008
"211","Mantis religiosa",-80.086792,42.057308,"NORTH_AMERICA",2020
"212","Mantis religiosa",-118.337692,46.067792,"NORTH_AMERICA",2020
"213","Mantis religiosa",-83.179844,42.716904,"NORTH_AMERICA",2020
"214","Mantis religiosa",-81.509623,44.380578,"NORTH_AMERICA",2019
"215","Mantis religiosa",-117.593401,47.558479,"NORTH_AMERICA",2020
"216","Mantis religiosa",-118.389218,46.039872,"NORTH_AMERICA",2020
"217","Mantis religiosa",-79.502745,43.069795,"NORTH_AMERICA",2018
"218","Mantis religiosa",-75.222957,40.35687,"NORTH_AMERICA",2020
"219","Mantis religiosa",-103.927385,41.966675,"NORTH_AMERICA",2020
"220","Mantis religiosa",-74.200392,41.014163,"NORTH_AMERICA",2020
"221","Mantis religiosa",-87.980402,42.191694,"NORTH_AMERICA",2020
"222","Mantis religiosa",-122.887497,45.496944,"NORTH_AMERICA",2017
"223","Mantis religiosa",-116.515162,32.95053,"NORTH_AMERICA",2020
"224","Mantis religiosa",-103.451651,44.025488,"NORTH_AMERICA",2018
"225","Mantis religiosa",-103.213673,43.782284,"NORTH_AMERICA",2020
"226","Mantis religiosa",-69.113056,44.096111,"NORTH_AMERICA",2020
"227","Mantis religiosa",-111.958124,40.531894,"NORTH_AMERICA",2020
"228","Mantis religiosa",-122.271953,41.208209,"NORTH_AMERICA",2015
"229","Mantis religiosa",-83.07246,42.26278,"NORTH_AMERICA",2014
"230","Mantis religiosa",-121.981439,39.7984,"NORTH_AMERICA",2020
"231","Mantis religiosa",-114.182908,47.32883,"NORTH_AMERICA",2020
"232","Mantis religiosa",-104.047634,43.802554,"NORTH_AMERICA",2020
"233","Mantis religiosa",-71.487623,43.359777,"NORTH_AMERICA",2019
"234","Mantis religiosa",-100.745078,41.132331,"NORTH_AMERICA",2020
"235","Mantis religiosa",-106.307358,35.565528,"NORTH_AMERICA",2020
"236","Mantis religiosa",-100.465988,41.932863,"NORTH_AMERICA",2020
"237","Mantis religiosa",-81.546149,43.113402,"NORTH_AMERICA",2003
"238","Mantis religiosa",-122.541729,38.401869,"NORTH_AMERICA",2016
"239","Mantis religiosa",-104.556576,42.203547,"NORTH_AMERICA",2020
"240","Mantis religiosa",-69.899108,44.325072,"NORTH_AMERICA",2020
"241","Mantis religiosa",-81.551247,42.765351,"NORTH_AMERICA",2019
"242","Mantis religiosa",-118.128447,34.092916,"NORTH_AMERICA",2014
"243","Mantis religiosa",-87.810909,41.208283,"NORTH_AMERICA",2020
"244","Mantis religiosa",-73.310678,44.821292,"NORTH_AMERICA",2020
"245","Mantis religiosa",-105.034386,40.830058,"NORTH_AMERICA",2020
"246","Mantis religiosa",-111.633278,35.217942,"NORTH_AMERICA",2020
"247","Mantis religiosa",-74.409613,40.436062,"NORTH_AMERICA",2020
"248","Mantis religiosa",-70.846925,42.799041,"NORTH_AMERICA",2019
"249","Mantis religiosa",-114.860192,42.79822,"NORTH_AMERICA",2020
"250","Mantis religiosa",-123.166618,39.004414,"NORTH_AMERICA",2020
"251","Mantis religiosa",-117.259739,47.54625,"NORTH_AMERICA",2020
"252","Mantis religiosa",-75.887882,40.446167,"NORTH_AMERICA",2020
"253","Mantis religiosa",-77.596487,43.231686,"NORTH_AMERICA",2020
"254","Mantis religiosa",-116.895628,43.106492,"NORTH_AMERICA",2020
"255","Mantis religiosa",-81.756076,43.320707,"NORTH_AMERICA",2020
"256","Mantis religiosa",-102.048191,40.945023,"NORTH_AMERICA",2020
"257","Mantis religiosa",-103.258437,44.081778,"NORTH_AMERICA",2015
"258","Mantis religiosa",-77.31794,44.48103,"NORTH_AMERICA",2019
"259","Mantis religiosa",-116.469082,43.688412,"NORTH_AMERICA",2019
"260","Mantis religiosa",-77.797822,40.77502,"NORTH_AMERICA",2020
"261","Mantis religiosa",-73.263947,44.307308,"NORTH_AMERICA",2018
"262","Mantis religiosa",-103.215395,43.960613,"NORTH_AMERICA",2020
"263","Mantis religiosa",-78.608147,44.156975,"NORTH_AMERICA",2019
"264","Mantis religiosa",-75.659247,44.602775,"NORTH_AMERICA",2020
"265","Mantis religiosa",-77.265319,40.18248,"NORTH_AMERICA",2020
"266","Mantis religiosa",-78.739738,44.338054,"NORTH_AMERICA",2017
"267","Mantis religiosa",-73.032337,45.47411,"NORTH_AMERICA",2020
"268","Mantis religiosa",-103.67313,41.716588,"NORTH_AMERICA",2019
"269","Mantis religiosa",-81.902563,41.102617,"NORTH_AMERICA",2020
"270","Mantis religiosa",-83.054366,42.529237,"NORTH_AMERICA",2018
"271","Mantis religiosa",-75.585846,45.247694,"NORTH_AMERICA",2019
"272","Mantis religiosa",-77.486449,43.036815,"NORTH_AMERICA",2006
"273","Mantis religiosa",-120.531373,41.499393,"NORTH_AMERICA",2020
"274","Mantis religiosa",-100.846881,37.982367,"NORTH_AMERICA",2020
"275","Mantis religiosa",-75.496479,45.175963,"NORTH_AMERICA",2020
"276","Mantis religiosa",-73.341198,44.697027,"NORTH_AMERICA",2020
"277","Mantis religiosa",-73.705477,44.017073,"NORTH_AMERICA",2020
"278","Mantis religiosa",-105.59822,36.5317,"NORTH_AMERICA",2020
"279","Mantis religiosa",-120.424974,37.36454,"NORTH_AMERICA",2020
"280","Mantis religiosa",-120.456665,34.928154,"NORTH_AMERICA",2019
"281","Mantis religiosa",-120.329984,41.993293,"NORTH_AMERICA",2020
"282","Mantis religiosa",-82.840708,43.045231,"NORTH_AMERICA",2020
"283","Mantis religiosa",-79.007649,44.622568,"NORTH_AMERICA",2018
"284","Mantis religiosa",-80.021765,44.045741,"NORTH_AMERICA",2020
"285","Mantis religiosa",-76.879016,44.216316,"NORTH_AMERICA",2018
"286","Mantis religiosa",-85.451548,43.630035,"NORTH_AMERICA",2020
"287","Mantis religiosa",-102.242362,43.988761,"NORTH_AMERICA",2020
"288","Mantis religiosa",-101.945505,43.747882,"NORTH_AMERICA",2020
"289","Mantis religiosa",-87.524186,41.688271,"NORTH_AMERICA",2020
"290","Mantis religiosa",-113.266693,37.20566,"NORTH_AMERICA",2020
"291","Mantis religiosa",-77.271116,43.908553,"NORTH_AMERICA",2019
"292","Mantis religiosa",-108.634842,45.802003,"NORTH_AMERICA",2020
"293","Mantis religiosa",-73.589996,45.046944,"NORTH_AMERICA",2019
"294","Mantis religiosa",-119.722006,39.381328,"NORTH_AMERICA",2018
"295","Mantis religiosa",-119.523,49.091,"NORTH_AMERICA",2000
"296","Mantis religiosa",-75.353797,39.754622,"NORTH_AMERICA",2020
"297","Mantis religiosa",-122.639638,41.733916,"NORTH_AMERICA",2020
"298","Mantis religiosa",-120.519501,34.575803,"NORTH_AMERICA",2020
"299","Mantis religiosa",-116.6553,33.047053,"NORTH_AMERICA",2020
"300","Mantis religiosa",-86.001952,42.667689,"NORTH_AMERICA",2020
"301","Mantis religiosa",-113.060032,37.683176,"NORTH_AMERICA",2020
"302","Mantis religiosa",-85.064485,42.472931,"NORTH_AMERICA",2020
"303","Mantis religiosa",-123.014267,46.798333,"NORTH_AMERICA",2020
"304","Mantis religiosa",-121.030171,38.861506,"NORTH_AMERICA",2019
"305","Mantis religiosa",-104.786895,39.42439,"NORTH_AMERICA",2020
"306","Mantis religiosa",-82.424914,42.970863,"NORTH_AMERICA",2018
"307","Mantis religiosa",-118.665663,36.79787,"NORTH_AMERICA",2020
"308","Mantis religiosa",-119.339313,44.449659,"NORTH_AMERICA",2020
"309","Mantis religiosa",-116.484173,44.853926,"NORTH_AMERICA",2020
"310","Mantis religiosa",-76.041632,44.126453,"NORTH_AMERICA",2020
"311","Mantis religiosa",-74.957292,45.485917,"NORTH_AMERICA",2020
"312","Mantis religiosa",-111.585084,39.361611,"NORTH_AMERICA",2020
"313","Mantis religiosa",-99.691294,42.469478,"NORTH_AMERICA",2020
"314","Mantis religiosa",-74.15081,45.424034,"NORTH_AMERICA",2012
"315","Mantis religiosa",-116.557778,33.015278,"NORTH_AMERICA",2019
"316","Mantis religiosa",-121.707952,37.764487,"NORTH_AMERICA",2019
"317","Mantis religiosa",-87.824186,42.761717,"NORTH_AMERICA",2020
"318","Mantis religiosa",-122.194437,47.336527,"NORTH_AMERICA",2020
"319","Mantis religiosa",-79.166497,43.822314,"NORTH_AMERICA",2016
"320","Mantis religiosa",-120.770832,35.54707,"NORTH_AMERICA",2020
"321","Mantis religiosa",-122.252925,47.679526,"NORTH_AMERICA",2016
"322","Mantis religiosa",-75.263065,39.743108,"NORTH_AMERICA",2020
"323","Mantis religiosa",-119.707047,49.346855,"NORTH_AMERICA",2016
"324","Mantis religiosa",-104.693967,39.596616,"NORTH_AMERICA",2020
"325","Mantis religiosa",-84.053982,41.883911,"NORTH_AMERICA",2020
"326","Mantis religiosa",-120.640372,35.454658,"NORTH_AMERICA",2020
"327","Mantis religiosa",-120.333896,46.575045,"NORTH_AMERICA",2020
"328","Mantis religiosa",-123.053261,45.590092,"NORTH_AMERICA",2020
"329","Mantis religiosa",-74.552316,40.744869,"NORTH_AMERICA",2013
"330","Mantis religiosa",-121.022956,38.740958,"NORTH_AMERICA",2016
"331","Mantis religiosa",-79.164524,44.155035,"NORTH_AMERICA",2020
"332","Mantis religiosa",-116.884451,47.652946,"NORTH_AMERICA",2020
"333","Mantis religiosa",-115.97968,43.649967,"NORTH_AMERICA",2020
"334","Mantis religiosa",-79.61698,45.196808,"NORTH_AMERICA",2020
"335","Mantis religiosa",-118.328689,41.853017,"NORTH_AMERICA",2020
"336","Mantis religiosa",-112.12098,43.369739,"NORTH_AMERICA",2020
"337","Mantis religiosa",-103.85986,44.682644,"NORTH_AMERICA",2020
"338","Mantis religiosa",-119.493404,38.738945,"NORTH_AMERICA",2020
"339","Mantis religiosa",-79.618,43.491,"NORTH_AMERICA",2015
"340","Mantis religiosa",-81.250157,41.514193,"NORTH_AMERICA",2020
"341","Mantis religiosa",-122.226984,38.051973,"NORTH_AMERICA",2019
"342","Mantis religiosa",-113.934558,46.880764,"NORTH_AMERICA",2019
"343","Mantis religiosa",-88.173185,41.879004,"NORTH_AMERICA",2020
"344","Mantis religiosa",-73.568357,45.594738,"NORTH_AMERICA",2019
"345","Mantis religiosa",-78.107056,44.739395,"NORTH_AMERICA",2020
"346","Mantis religiosa",-109.773925,35.063256,"NORTH_AMERICA",2017
"347","Mantis religiosa",-77.566978,44.10686,"NORTH_AMERICA",2020
"348","Mantis religiosa",-117.016003,46.813704,"NORTH_AMERICA",2020
"349","Mantis religiosa",-73.344433,41.961788,"NORTH_AMERICA",2020
"350","Mantis religiosa",-96.741129,43.64176,"NORTH_AMERICA",2020
"351","Mantis religiosa",-77.364909,43.94916,"NORTH_AMERICA",2020
"352","Mantis religiosa",-119.676882,49.607353,"NORTH_AMERICA",2005
"353","Mantis religiosa",-76.140479,42.090156,"NORTH_AMERICA",2020
"354","Mantis religiosa",-83.663138,42.2062,"NORTH_AMERICA",2020
"355","Mantis religiosa",-72.897765,41.470148,"NORTH_AMERICA",2020
"356","Mantis religiosa",-98.348184,43.320784,"NORTH_AMERICA",2020
"357","Mantis religiosa",-72.499512,46.181713,"NORTH_AMERICA",2020
"358","Mantis religiosa",-74.707224,40.324205,"NORTH_AMERICA",2020
"359","Mantis religiosa",-114.163418,47.692903,"NORTH_AMERICA",2020
"360","Mantis religiosa",-120.946513,47.189704,"NORTH_AMERICA",2020
"361","Mantis religiosa",-116.080718,44.476272,"NORTH_AMERICA",2020
"362","Mantis religiosa",-71.896828,43.116592,"NORTH_AMERICA",2020
"363","Mantis religiosa",-97.716943,43.165463,"NORTH_AMERICA",2020
"364","Mantis religiosa",-76.644814,41.855731,"NORTH_AMERICA",2020
"365","Mantis religiosa",-87.977657,41.637705,"NORTH_AMERICA",2008
"366","Mantis religiosa",-122.966055,42.899197,"NORTH_AMERICA",2020
"367","Mantis religiosa",-74.327339,45.637458,"NORTH_AMERICA",2020
"368","Mantis religiosa",-76.132224,43.017821,"NORTH_AMERICA",2018
"369","Mantis religiosa",-120.965814,35.564639,"NORTH_AMERICA",2020
"370","Mantis religiosa",-75.21607,45.49779,"NORTH_AMERICA",2020
"371","Mantis religiosa",-75.637992,40.171528,"NORTH_AMERICA",2020
"372","Mantis religiosa",-83.733298,42.993304,"NORTH_AMERICA",2020
"373","Mantis religiosa",-85.566745,42.932279,"NORTH_AMERICA",2020
"374","Mantis religiosa",-79.223325,45.331626,"NORTH_AMERICA",2020
"375","Mantis religiosa",-75.417681,40.023341,"NORTH_AMERICA",2020
"376","Mantis religiosa",-76.354895,44.57894,"NORTH_AMERICA",2013
"377","Mantis religiosa",-74.171867,40.586289,"NORTH_AMERICA",2020
"378","Mantis religiosa",-78.971898,44.117733,"NORTH_AMERICA",2019
"379","Mantis religiosa",-79.45541,44.597846,"NORTH_AMERICA",2020
"380","Mantis religiosa",-116.9398,42.908644,"NORTH_AMERICA",2020
"381","Mantis religiosa",-77.234404,39.836622,"NORTH_AMERICA",2020
"382","Mantis religiosa",-81.563416,41.382677,"NORTH_AMERICA",2020
"383","Mantis religiosa",-122.035574,47.616359,"NORTH_AMERICA",2020
"384","Mantis religiosa",-122.957101,47.046894,"NORTH_AMERICA",2018
"385","Mantis religiosa",-70.917051,42.766273,"NORTH_AMERICA",2019
"386","Mantis religiosa",-112.543874,37.016075,"NORTH_AMERICA",2020
"387","Mantis religiosa",-79.904444,42.880833,"NORTH_AMERICA",2020
"388","Mantis religiosa",-79.362956,45.779566,"NORTH_AMERICA",2020
"389","Mantis religiosa",-103.695351,41.889475,"NORTH_AMERICA",2017
"390","Mantis religiosa",-119.859405,37.88245,"NORTH_AMERICA",2018
"391","Mantis religiosa",-77.808828,44.536997,"NORTH_AMERICA",2019
"392","Mantis religiosa",-79.274447,44.924578,"NORTH_AMERICA",2019
"393","Mantis religiosa",-79.66935,44.231152,"NORTH_AMERICA",2019
"394","Mantis religiosa",-77.24689,44.51239,"NORTH_AMERICA",2013
"395","Mantis religiosa",-107.563411,38.849905,"NORTH_AMERICA",2019
"396","Mantis religiosa",-76.778652,42.499727,"NORTH_AMERICA",2019
"397","Mantis religiosa",-87.243424,45.08427,"NORTH_AMERICA",2020
"398","Mantis religiosa",-81.745643,40.739364,"NORTH_AMERICA",2020
"399","Mantis religiosa",-120.37875,46.471264,"NORTH_AMERICA",2020
"400","Mantis religiosa",-88.091,43.142333,"NORTH_AMERICA",2012
"401","Mantis religiosa",-85.792747,43.233783,"NORTH_AMERICA",2020
"402","Mantis religiosa",-98.988333,44.523072,"NORTH_AMERICA",2020
"403","Mantis religiosa",-73.351856,43.713532,"NORTH_AMERICA",2016
"404","Mantis religiosa",-101.71185,39.349256,"NORTH_AMERICA",2020
"405","Mantis religiosa",-80.194963,44.394237,"NORTH_AMERICA",2020
"406","Mantis religiosa",-85.904324,42.958742,"NORTH_AMERICA",2020
"407","Mantis religiosa",-70.449976,43.606394,"NORTH_AMERICA",2014
"408","Mantis religiosa",-84.706496,44.652896,"NORTH_AMERICA",2020
"409","Mantis religiosa",-76.003689,45.151272,"NORTH_AMERICA",2020
"410","Mantis religiosa",-80.589447,43.478054,"NORTH_AMERICA",2019
"411","Mantis religiosa",-120.267747,46.480622,"NORTH_AMERICA",2020
"412","Mantis religiosa",-81.331219,40.963669,"NORTH_AMERICA",2018
"413","Mantis religiosa",-116.394255,43.276438,"NORTH_AMERICA",2020
"414","Mantis religiosa",-85.289422,40.984112,"NORTH_AMERICA",2020
"415","Mantis religiosa",-77.794328,42.796805,"NORTH_AMERICA",2020
"416","Mantis religiosa",-79.993601,44.907745,"NORTH_AMERICA",2017
"417","Mantis religiosa",-79.647184,44.347983,"NORTH_AMERICA",2019
"418","Mantis religiosa",-117.319829,33.980557,"NORTH_AMERICA",2020
"419","Mantis religiosa",-73.237482,45.585128,"NORTH_AMERICA",2020
"420","Mantis religiosa",-73.137348,43.695671,"NORTH_AMERICA",2013
"421","Mantis religiosa",-121.698506,45.908357,"NORTH_AMERICA",2020
"422","Mantis religiosa",-118.604486,42.327378,"NORTH_AMERICA",2020
"423","Mantis religiosa",-74.914876,40.916216,"NORTH_AMERICA",2020
"424","Mantis religiosa",-104.037688,39.607395,"NORTH_AMERICA",2020
"425","Mantis religiosa",-76.421603,42.71257,"NORTH_AMERICA",2020
"426","Mantis religiosa",-117.539012,47.413335,"NORTH_AMERICA",2020
"427","Mantis religiosa",-121.44853,43.841507,"NORTH_AMERICA",2020
"428","Mantis religiosa",-114.297641,47.026303,"NORTH_AMERICA",2020
"429","Mantis religiosa",-76.89,44.35,"NORTH_AMERICA",2011
"430","Mantis religiosa",-80.354431,43.217289,"NORTH_AMERICA",2020
"431","Mantis religiosa",-82.601442,40.64693,"NORTH_AMERICA",2020
"432","Mantis religiosa",-119.403451,49.957281,"NORTH_AMERICA",2020
"433","Mantis religiosa",-119.684887,37.789794,"NORTH_AMERICA",2009
"434","Mantis religiosa",-104.646812,38.732721,"NORTH_AMERICA",2019
"435","Mantis religiosa",-73.846634,45.732899,"NORTH_AMERICA",2019
"436","Mantis religiosa",-123.031694,43.808253,"NORTH_AMERICA",2020
"437","Mantis religiosa",-86.743814,41.795358,"NORTH_AMERICA",2019
"438","Mantis religiosa",-77.462166,44.149768,"NORTH_AMERICA",2020
"439","Mantis religiosa",-79.605288,43.963184,"NORTH_AMERICA",2002
"440","Mantis religiosa",-101.72297,40.842652,"NORTH_AMERICA",2020
"441","Mantis religiosa",-79.95958,44.467451,"NORTH_AMERICA",2016
"442","Mantis religiosa",-108.527297,45.756755,"NORTH_AMERICA",2018
"443","Mantis religiosa",-112.065147,40.700025,"NORTH_AMERICA",2020
"444","Mantis religiosa",-106.325442,42.865285,"NORTH_AMERICA",2017
"445","Mantis religiosa",-119.477193,37.823506,"NORTH_AMERICA",2020
"446","Mantis religiosa",-107.837074,40.002478,"NORTH_AMERICA",2020
"447","Mantis religiosa",-78.569855,45.009036,"NORTH_AMERICA",2020
"448","Mantis religiosa",-69.654821,44.555984,"NORTH_AMERICA",2020
"449","Mantis religiosa",-72.200819,45.392381,"NORTH_AMERICA",2020
"450","Mantis religiosa",-120.890767,45.574619,"NORTH_AMERICA",2020
"451","Mantis religiosa",-120.580857,40.37551,"NORTH_AMERICA",2018
"452","Mantis religiosa",-116.546206,47.965603,"NORTH_AMERICA",2020
"453","Mantis religiosa",-83.779595,42.709408,"NORTH_AMERICA",2020
"454","Mantis religiosa",-121.786778,47.495658,"NORTH_AMERICA",2020
"455","Mantis religiosa",-117.014565,46.411943,"NORTH_AMERICA",2019
"456","Mantis religiosa",-123.329385,44.707719,"NORTH_AMERICA",2010
"457","Mantis religiosa",-116.781223,47.673616,"NORTH_AMERICA",2020
"458","Mantis religiosa",-70.576416,43.482401,"NORTH_AMERICA",2020
"459","Mantis religiosa",-87.8099,42.430279,"NORTH_AMERICA",2016
"460","Mantis religiosa",-108.545803,39.075063,"NORTH_AMERICA",2020
"461","Mantis religiosa",-83.997787,42.622658,"NORTH_AMERICA",2012
"462","Mantis religiosa",-120.344712,42.18552,"NORTH_AMERICA",2020
"463","Mantis religiosa",-81.265175,44.630209,"NORTH_AMERICA",2016
"464","Mantis religiosa",-114.671669,47.610483,"NORTH_AMERICA",2020
"465","Mantis religiosa",-112.632123,37.277489,"NORTH_AMERICA",2020
"466","Mantis religiosa",-120.463438,47.52288,"NORTH_AMERICA",2020
"467","Mantis religiosa",-123.847808,40.995997,"NORTH_AMERICA",2020
"468","Mantis religiosa",-122.886228,47.328331,"NORTH_AMERICA",2020
"469","Mantis religiosa",-123.032403,44.937338,"NORTH_AMERICA",2018
"470","Mantis religiosa",-81.525658,43.37885,"NORTH_AMERICA",2020
"471","Mantis religiosa",-85.865112,44.24127,"NORTH_AMERICA",2020
"472","Mantis religiosa",-75.701283,45.385649,"NORTH_AMERICA",2008
"473","Mantis religiosa",-121.409447,37.037664,"NORTH_AMERICA",2017
"474","Mantis religiosa",-79.066111,44.693056,"NORTH_AMERICA",2020
"475","Mantis religiosa",-122.852081,38.394301,"NORTH_AMERICA",2020
"476","Mantis religiosa",-121.021579,45.264176,"NORTH_AMERICA",2020
"477","Mantis religiosa",-71.307105,42.467896,"NORTH_AMERICA",2019
"478","Mantis religiosa",-120.894913,44.31845,"NORTH_AMERICA",2020
"479","Mantis religiosa",-80.058275,44.003227,"NORTH_AMERICA",2020
"480","Mantis religiosa",-77.007167,43.982727,"NORTH_AMERICA",2019
"481","Mantis religiosa",-74.506893,42.671811,"NORTH_AMERICA",2020
"482","Mantis religiosa",-79.251238,41.55129,"NORTH_AMERICA",2020
"483","Mantis religiosa",-76.33159,43.155083,"NORTH_AMERICA",2020
"484","Mantis religiosa",-80.976952,43.359159,"NORTH_AMERICA",2020
"485","Mantis religiosa",-81.076451,43.258384,"NORTH_AMERICA",2020
"486","Mantis religiosa",-81.215633,42.664135,"NORTH_AMERICA",2020
"487","Mantis religiosa",-73.570825,42.292872,"NORTH_AMERICA",2020
"488","Mantis religiosa",-122.150116,37.280712,"NORTH_AMERICA",2016
"489","Mantis religiosa",-118.711915,34.093904,"NORTH_AMERICA",2019
"490","Mantis religiosa",-80.147052,42.890039,"NORTH_AMERICA",2017
"491","Mantis religiosa",-120.520292,35.060675,"NORTH_AMERICA",2020
"492","Mantis religiosa",-70.746423,43.858482,"NORTH_AMERICA",2020
"493","Mantis religiosa",-76.215753,42.583656,"NORTH_AMERICA",2020
"494","Mantis religiosa",-81.706325,43.731358,"NORTH_AMERICA",2018
"495","Mantis religiosa",-72.707789,45.582253,"NORTH_AMERICA",2020
"496","Mantis religiosa",-74.843553,41.666705,"NORTH_AMERICA",2020
"497","Mantis religiosa",-88.295976,42.13223,"NORTH_AMERICA",2014
"498","Mantis religiosa",-118.907193,34.06496,"NORTH_AMERICA",2020
"499","Mantis religiosa",-79.158425,40.614432,"NORTH_AMERICA",2020
"500","Mantis religiosa",-113.950547,46.468067,"NORTH_AMERICA",2020
"501","Mantis religiosa",-119.744546,39.179897,"NORTH_AMERICA",2020
"502","Mantis religiosa",-123.907833,40.308632,"NORTH_AMERICA",2020
"503","Mantis religiosa",-114.222238,39.017868,"NORTH_AMERICA",2020
"504","Mantis religiosa",-117.782316,45.022824,"NORTH_AMERICA",2020
"505","Mantis religiosa",-76.759808,45.514766,"NORTH_AMERICA",2020
"506","Mantis religiosa",-80.544924,43.657517,"NORTH_AMERICA",2020
"507","Mantis religiosa",-76.381049,44.82155,"NORTH_AMERICA",2006
"508","Mantis religiosa",-74.552545,41.958892,"NORTH_AMERICA",2020
"509","Mantis religiosa",-116.427003,43.508008,"NORTH_AMERICA",2020
"510","Mantis religiosa",-80.051383,42.548651,"NORTH_AMERICA",2005
"511","Mantis religiosa",-124.255317,49.276534,"NORTH_AMERICA",2018
"512","Mantis religiosa",-123.757788,39.337628,"NORTH_AMERICA",2019
"513","Mantis religiosa",-80.74717,43.164317,"NORTH_AMERICA",2020
"514","Mantis religiosa",-76.532244,42.853447,"NORTH_AMERICA",2020
"515","Mantis religiosa",-81.693977,41.191713,"NORTH_AMERICA",2013
"516","Mantis religiosa",-115.500682,44.19077,"NORTH_AMERICA",2020
"517","Mantis religiosa",-81.421399,43.855947,"NORTH_AMERICA",2020
"518","Mantis religiosa",-118.603613,34.416405,"NORTH_AMERICA",2017
"519","Mantis religiosa",-68.805465,44.931375,"NORTH_AMERICA",2020
"520","Mantis religiosa",-122.408363,45.613464,"NORTH_AMERICA",2018
"521","Mantis religiosa",-68.350737,44.334507,"NORTH_AMERICA",2020
"522","Mantis religiosa",-83.537867,41.652805,"NORTH_AMERICA",2020
"523","Mantis religiosa",-77.90387,40.811413,"NORTH_AMERICA",2020
"524","Mantis religiosa",-81.843254,42.280945,"NORTH_AMERICA",2019
"525","Mantis religiosa",-123.082139,47.090125,"NORTH_AMERICA",2020
"526","Mantis religiosa",-68.711564,44.832368,"NORTH_AMERICA",2020
"527","Mantis religiosa",-79.696236,41.635293,"NORTH_AMERICA",2020
"528","Mantis religiosa",-73.832323,42.382574,"NORTH_AMERICA",2020
"529","Mantis religiosa",-114.00977,47.34174,"NORTH_AMERICA",2020
"530","Mantis religiosa",-82.78086,42.734038,"NORTH_AMERICA",2020
"531","Mantis religiosa",-72.491882,43.147976,"NORTH_AMERICA",2018
"532","Mantis religiosa",-81.486663,43.636125,"NORTH_AMERICA",2019
"533","Mantis religiosa",-103.861423,44.481232,"NORTH_AMERICA",2017
"534","Mantis religiosa",-76.548338,43.447987,"NORTH_AMERICA",2020
"535","Mantis religiosa",-108.088413,38.755234,"NORTH_AMERICA",2020
"536","Mantis religiosa",-78.554162,41.458395,"NORTH_AMERICA",2020
"537","Mantis religiosa",-71.41047,43.791248,"NORTH_AMERICA",2020
"538","Mantis religiosa",-70.021329,44.051662,"NORTH_AMERICA",2020
"539","Mantis religiosa",-112.75786,43.01648,"NORTH_AMERICA",2020
"540","Mantis religiosa",-73.766708,43.395773,"NORTH_AMERICA",2019
"541","Mantis religiosa",-117.759736,42.075417,"NORTH_AMERICA",2020
"542","Mantis religiosa",-71.637447,42.461061,"NORTH_AMERICA",2019
"543","Mantis religiosa",-77.062942,43.022919,"NORTH_AMERICA",2020
"544","Mantis religiosa",-118.792847,34.302924,"NORTH_AMERICA",2018
"545","Mantis religiosa",-73.170099,43.272921,"NORTH_AMERICA",2020
"546","Mantis religiosa",-122.858987,42.316172,"NORTH_AMERICA",2018
"547","Mantis religiosa",-82.677834,41.807637,"NORTH_AMERICA",2019
"548","Mantis religiosa",-119.142454,45.85908,"NORTH_AMERICA",2020
"549","Mantis religiosa",-77.590464,42.553992,"NORTH_AMERICA",2020
"550","Mantis religiosa",-79.174018,44.51035,"NORTH_AMERICA",2020
"551","Mantis religiosa",-112.449895,42.873616,"NORTH_AMERICA",2020
"552","Mantis religiosa",-79.417962,39.0635,"NORTH_AMERICA",2020
"553","Mantis religiosa",-84.746086,42.232206,"NORTH_AMERICA",2020
"554","Mantis religiosa",-78.572377,40.667954,"NORTH_AMERICA",2020
"555","Mantis religiosa",-84.154704,43.364702,"NORTH_AMERICA",2020
"556","Mantis religiosa",-83.911225,43.027393,"NORTH_AMERICA",2014
"557","Mantis religiosa",-122.060233,47.214803,"NORTH_AMERICA",2020
"558","Mantis religiosa",-119.290947,34.318958,"NORTH_AMERICA",2019
"559","Mantis religiosa",-78.85547,42.843267,"NORTH_AMERICA",2016
"560","Mantis religiosa",-107.998197,45.994199,"NORTH_AMERICA",2020
"561","Mantis religiosa",-102.069459,41.05115,"NORTH_AMERICA",2020
"562","Mantis religiosa",-116.539602,49.076535,"NORTH_AMERICA",2020
"563","Mantis religiosa",-74.40186,45.073453,"NORTH_AMERICA",2020
"564","Mantis religiosa",-109.555409,38.578763,"NORTH_AMERICA",2020
"565","Mantis religiosa",-76.201964,45.347504,"NORTH_AMERICA",2016
"566","Mantis religiosa",-78.377617,43.075486,"NORTH_AMERICA",2016
"567","Mantis religiosa",-111.74786,42.25019,"NORTH_AMERICA",2020
"568","Mantis religiosa",-120.535264,47.006383,"NORTH_AMERICA",2020
"569","Mantis religiosa",-114.089826,46.763717,"NORTH_AMERICA",2019
"570","Mantis religiosa",-85.582108,43.198063,"NORTH_AMERICA",2020
"571","Mantis religiosa",-79.507748,44.109537,"NORTH_AMERICA",2020
"572","Mantis religiosa",-80.932942,44.573172,"NORTH_AMERICA",2020
"573","Mantis religiosa",-87.803993,41.833493,"NORTH_AMERICA",2020
"574","Mantis religiosa",-100.795959,41.141147,"NORTH_AMERICA",2020
"575","Mantis religiosa",-74.783077,45.058244,"NORTH_AMERICA",2017
"576","Mantis religiosa",-119.301595,46.253713,"NORTH_AMERICA",2020
"577","Mantis religiosa",-85.584038,42.348187,"NORTH_AMERICA",2020
"578","Mantis religiosa",-88.34205,41.962703,"NORTH_AMERICA",2020
"579","Mantis religiosa",-75.917224,44.769736,"NORTH_AMERICA",2020
"580","Mantis religiosa",-122.686186,47.675779,"NORTH_AMERICA",2020
"581","Mantis religiosa",-103.353303,43.595762,"NORTH_AMERICA",2020
"582","Mantis religiosa",-115.963753,41.815191,"NORTH_AMERICA",2020
"583","Mantis religiosa",-115.584166,40.282916,"NORTH_AMERICA",2020
"584","Mantis religiosa",-118.666093,43.01302,"NORTH_AMERICA",2017
"585","Mantis religiosa",-82.260375,40.892883,"NORTH_AMERICA",2018
"586","Mantis religiosa",-80.945953,44.354917,"NORTH_AMERICA",2020
"587","Mantis religiosa",-121.779353,36.492248,"NORTH_AMERICA",2020
"588","Mantis religiosa",-72.479667,44.625264,"NORTH_AMERICA",2020
"589","Mantis religiosa",-111.73854,40.364118,"NORTH_AMERICA",2020
"590","Mantis religiosa",-76.465057,44.53895,"NORTH_AMERICA",2012
"591","Mantis religiosa",-123.578712,44.391911,"NORTH_AMERICA",2020
"592","Mantis religiosa",-80.195839,45.421169,"NORTH_AMERICA",2018
"593","Mantis religiosa",-116.799736,44.446162,"NORTH_AMERICA",2020
"594","Mantis religiosa",-69.461033,44.130539,"NORTH_AMERICA",2020
"595","Mantis religiosa",-73.012328,44.414258,"NORTH_AMERICA",2020
"596","Mantis religiosa",-78.518692,42.76353,"NORTH_AMERICA",2020
"597","Mantis religiosa",-72.807108,41.557191,"NORTH_AMERICA",2020
"598","Mantis religiosa",-123.090144,45.509149,"NORTH_AMERICA",2020
"599","Mantis religiosa",-77.833595,42.524672,"NORTH_AMERICA",2020
"600","Mantis religiosa",-80.130275,44.112662,"NORTH_AMERICA",2020
"601","Mantis religiosa",-88.374754,42.340918,"NORTH_AMERICA",2020
"602","Mantis religiosa",-117.119067,44.927621,"NORTH_AMERICA",2020
"603","Mantis religiosa",-86.088599,35.481743,"NORTH_AMERICA",2020
"604","Mantis religiosa",-121.53547,38.543463,"NORTH_AMERICA",2018
"605","Mantis religiosa",-75.237284,40.077268,"NORTH_AMERICA",2020
"606","Mantis religiosa",-119.840028,49.206633,"NORTH_AMERICA",2020
"607","Mantis religiosa",-112.208,42.724347,"NORTH_AMERICA",2020
"608","Mantis religiosa",-80.760884,42.637158,"NORTH_AMERICA",2020
"609","Mantis religiosa",-118.97165,49.118361,"NORTH_AMERICA",2020
"610","Mantis religiosa",-87.894272,43.068087,"NORTH_AMERICA",2020
"611","Mantis religiosa",-71.127633,43.035406,"NORTH_AMERICA",2020
"612","Mantis religiosa",-116.769276,46.733972,"NORTH_AMERICA",2020
"613","Mantis religiosa",-119.520975,48.408914,"NORTH_AMERICA",2020
"614","Mantis religiosa",-108.563818,37.356921,"NORTH_AMERICA",2020
"615","Mantis religiosa",-71.268853,43.858345,"NORTH_AMERICA",2020
"616","Mantis religiosa",-84.590845,42.730026,"NORTH_AMERICA",2019
"617","Mantis religiosa",-122.018481,38.280585,"NORTH_AMERICA",2020
"618","Mantis religiosa",-110.430059,38.828233,"NORTH_AMERICA",2020
"619","Mantis religiosa",-84.551495,42.302493,"NORTH_AMERICA",2011
"620","Mantis religiosa",-73.255468,45.442341,"NORTH_AMERICA",2014
"621","Mantis religiosa",-123.595245,40.491817,"NORTH_AMERICA",2020
"622","Mantis religiosa",-122.475724,47.023062,"NORTH_AMERICA",2020
"623","Mantis religiosa",-81.593258,44.295181,"NORTH_AMERICA",2020
"624","Mantis religiosa",-114.026,46.691,"NORTH_AMERICA",2019
"625","Mantis religiosa",-72.528769,42.320926,"NORTH_AMERICA",2018
"626","Mantis religiosa",-119.481389,47.378056,"NORTH_AMERICA",2020
"627","Mantis religiosa",-78.836237,40.417678,"NORTH_AMERICA",2020
"628","Mantis religiosa",-120.242435,48.435591,"NORTH_AMERICA",2020
"629","Mantis religiosa",-84.332251,42.208517,"NORTH_AMERICA",2020
"630","Mantis religiosa",-108.836398,39.270854,"NORTH_AMERICA",2020
"631","Mantis religiosa",-122.533349,43.758667,"NORTH_AMERICA",2020
"632","Mantis religiosa",-78.043193,40.763783,"NORTH_AMERICA",2020
"633","Mantis religiosa",-122.797722,45.646038,"NORTH_AMERICA",2020
"634","Mantis religiosa",-117.848633,44.797353,"NORTH_AMERICA",2020
"635","Mantis religiosa",-114.739495,42.584587,"NORTH_AMERICA",2016
"636","Mantis religiosa",-69.116774,44.353791,"NORTH_AMERICA",2020
"637","Mantis religiosa",-73.381591,42.451976,"NORTH_AMERICA",2020
"638","Mantis religiosa",-73.896218,43.067641,"NORTH_AMERICA",2020
"639","Mantis religiosa",-122.519047,48.893415,"NORTH_AMERICA",2020
"640","Mantis religiosa",-70.806372,43.794128,"NORTH_AMERICA",2020
"641","Mantis religiosa",-122.242377,47.031638,"NORTH_AMERICA",2020
"642","Mantis religiosa",-69.995628,43.890938,"NORTH_AMERICA",2019
"643","Mantis religiosa",-112.053729,41.419432,"NORTH_AMERICA",2020
"644","Mantis religiosa",-85.021706,45.366853,"NORTH_AMERICA",2018
"645","Mantis religiosa",-118.600288,50.242408,"NORTH_AMERICA",2020
"646","Mantis religiosa",-73.599245,41.291308,"NORTH_AMERICA",2017
"647","Mantis religiosa",-124.005947,43.759396,"NORTH_AMERICA",2020
"648","Mantis religiosa",-122.790556,43.849722,"NORTH_AMERICA",2020
"649","Mantis religiosa",-103.512642,37.770013,"NORTH_AMERICA",2020
"650","Mantis religiosa",-71.287934,42.626343,"NORTH_AMERICA",2020
"651","Mantis religiosa",-123.295396,44.520438,"NORTH_AMERICA",2020
"652","Mantis religiosa",-83.780221,42.529477,"NORTH_AMERICA",2010
"653","Mantis religiosa",-78.032636,41.564039,"NORTH_AMERICA",2020
"654","Mantis religiosa",-116.550793,48.290551,"NORTH_AMERICA",2020
"655","Mantis religiosa",-82.76935,41.506858,"NORTH_AMERICA",2020
"656","Mantis religiosa",-119.010963,46.216511,"NORTH_AMERICA",2020
"657","Mantis religiosa",-119.337403,47.587925,"NORTH_AMERICA",2020
"658","Mantis religiosa",-84.053274,42.153247,"NORTH_AMERICA",2019
"659","Mantis religiosa",-84.058975,42.462208,"NORTH_AMERICA",2020
"660","Mantis religiosa",-85.462453,43.00028,"NORTH_AMERICA",2019
"661","Mantis religiosa",-116.969333,44.250998,"NORTH_AMERICA",2020
"662","Mantis religiosa",-118.710717,48.649958,"NORTH_AMERICA",2020
"663","Mantis religiosa",-73.228339,42.699031,"NORTH_AMERICA",2020
"664","Mantis religiosa",-79.546571,40.368238,"NORTH_AMERICA",2020
"665","Mantis religiosa",-124.170872,43.367619,"NORTH_AMERICA",2020
"666","Mantis religiosa",-114.163513,46.255088,"NORTH_AMERICA",2020
"667","Mantis religiosa",-116.553464,43.535647,"NORTH_AMERICA",2020
"668","Mantis religiosa",-75.29292,40.689738,"NORTH_AMERICA",2019
"669","Mantis religiosa",-78.751754,42.748535,"NORTH_AMERICA",2016
"670","Mantis religiosa",-75.85095,39.660644,"NORTH_AMERICA",2020
"671","Mantis religiosa",-81.359658,41.662706,"NORTH_AMERICA",2020
"672","Mantis religiosa",-71.086403,42.451425,"NORTH_AMERICA",2020
"673","Mantis religiosa",-76.21029,44.322994,"NORTH_AMERICA",2019
"674","Mantis religiosa",-78.475854,42.998186,"NORTH_AMERICA",2020
"675","Mantis religiosa",-123.080854,44.033696,"NORTH_AMERICA",2015
"676","Mantis religiosa",-116.136142,47.540672,"NORTH_AMERICA",2020
"677","Mantis religiosa",-80.89266,41.635375,"NORTH_AMERICA",2020
"678","Mantis religiosa",-72.180132,41.756885,"NORTH_AMERICA",2020
"679","Mantis religiosa",-119.239783,46.36703,"NORTH_AMERICA",2020
"680","Mantis religiosa",-103.300499,44.086578,"NORTH_AMERICA",2019
"681","Mantis religiosa",-78.862943,44.423527,"NORTH_AMERICA",2014
"682","Mantis religiosa",-73.400703,43.97451,"NORTH_AMERICA",2020
"683","Mantis religiosa",-81.504351,42.667708,"NORTH_AMERICA",2020
"684","Mantis religiosa",-120.937855,38.404575,"NORTH_AMERICA",2020
"685","Mantis religiosa",-121.955475,37.231983,"NORTH_AMERICA",2019
"686","Mantis religiosa",-74.460881,40.808611,"NORTH_AMERICA",2020
"687","Mantis religiosa",-122.391675,40.58654,"NORTH_AMERICA",2017
"688","Mantis religiosa",-124.002433,45.023322,"NORTH_AMERICA",2020
"689","Mantis religiosa",-116.995103,46.058133,"NORTH_AMERICA",2020
"690","Mantis religiosa",-88.148056,41.398335,"NORTH_AMERICA",2019
"691","Mantis religiosa",-119.935844,37.373121,"NORTH_AMERICA",2019
"692","Mantis religiosa",-123.622948,47.111887,"NORTH_AMERICA",2019
"693","Mantis religiosa",-119.204175,46.888215,"NORTH_AMERICA",2019
"694","Mantis religiosa",-83.382012,42.307621,"NORTH_AMERICA",2019
"695","Mantis religiosa",-119.784133,39.553647,"NORTH_AMERICA",2019
"696","Mantis religiosa",-119.759582,45.819275,"NORTH_AMERICA",2019
"697","Mantis religiosa",-77.562599,37.357769,"NORTH_AMERICA",2019
"698","Mantis religiosa",-118.56411,34.929598,"NORTH_AMERICA",2015
"699","Mantis religiosa",-119.976212,47.817822,"NORTH_AMERICA",2017
"700","Mantis religiosa",-122.159286,39.392175,"NORTH_AMERICA",2019
"701","Mantis religiosa",-83.036363,42.314937,"NORTH_AMERICA",2019
"702","Mantis religiosa",-122.960533,39.443553,"NORTH_AMERICA",2019
"703","Mantis religiosa",-84.296255,44.452084,"NORTH_AMERICA",2019
"704","Mantis religiosa",-118.802063,39.464888,"NORTH_AMERICA",2019
"705","Mantis religiosa",-111.952031,41.325354,"NORTH_AMERICA",2019
"706","Mantis religiosa",-85.118661,45.192109,"NORTH_AMERICA",2019
"707","Mantis religiosa",-119.226596,47.063504,"NORTH_AMERICA",2019
"708","Mantis religiosa",-120.82908,36.923932,"NORTH_AMERICA",2019
"709","Mantis religiosa",-121.545325,39.025694,"NORTH_AMERICA",2019
"710","Mantis religiosa",-119.834518,38.978142,"NORTH_AMERICA",2019
"711","Mantis religiosa",-73.779611,42.859935,"NORTH_AMERICA",2018
"712","Mantis religiosa",-121.754959,37.922615,"NORTH_AMERICA",2019
"713","Mantis religiosa",-86.43639,43.791855,"NORTH_AMERICA",2019
"714","Mantis religiosa",-106.158163,35.362234,"NORTH_AMERICA",2019
"715","Mantis religiosa",-76.605378,43.13882,"NORTH_AMERICA",2019
"716","Mantis religiosa",-102.018021,37.960392,"NORTH_AMERICA",2019
"717","Mantis religiosa",-111.777706,39.975258,"NORTH_AMERICA",2017
"718","Mantis religiosa",-103.168045,40.62215,"NORTH_AMERICA",2019
"719","Mantis religiosa",-119.343886,46.370479,"NORTH_AMERICA",2019
"720","Mantis religiosa",-103.730058,44.482058,"NORTH_AMERICA",2019
"721","Mantis religiosa",-111.667365,39.634172,"NORTH_AMERICA",2019
"722","Mantis religiosa",-78.633244,42.93869,"NORTH_AMERICA",2019
"723","Mantis religiosa",-119.733329,36.890312,"NORTH_AMERICA",2018
"724","Mantis religiosa",-119.723787,37.358741,"NORTH_AMERICA",2019
"725","Mantis religiosa",-121.753731,42.212162,"NORTH_AMERICA",2019
"726","Mantis religiosa",-112.117091,36.057211,"NORTH_AMERICA",2019
"727","Mantis religiosa",-122.874935,45.88862,"NORTH_AMERICA",2019
"728","Mantis religiosa",-118.490356,35.09478,"NORTH_AMERICA",2019
"729","Mantis religiosa",-73.144281,44.706755,"NORTH_AMERICA",2018
"730","Mantis religiosa",-79.865,44.579,"NORTH_AMERICA",2015
"731","Mantis religiosa",-119.421845,37.069566,"NORTH_AMERICA",2016
"732","Mantis religiosa",-106.566445,35.352555,"NORTH_AMERICA",2019
"733","Mantis religiosa",-76.261075,42.453323,"NORTH_AMERICA",2019
"734","Mantis religiosa",-78.171695,43.958483,"NORTH_AMERICA",2017
"735","Mantis religiosa",-81.419045,45.181728,"NORTH_AMERICA",2018
"736","Mantis religiosa",-122.40832,39.04012,"NORTH_AMERICA",2019
"737","Mantis religiosa",-79.241386,43.759445,"NORTH_AMERICA",2019
"738","Mantis religiosa",-74.405661,40.058324,"NORTH_AMERICA",2016
"739","Mantis religiosa",-101.164242,41.103805,"NORTH_AMERICA",2019
"740","Mantis religiosa",-117.223542,48.050178,"NORTH_AMERICA",2019
"741","Mantis religiosa",-101.150032,39.366589,"NORTH_AMERICA",2019
"742","Mantis religiosa",-81.853875,45.968237,"NORTH_AMERICA",2019
"743","Mantis religiosa",-76.693712,39.942137,"NORTH_AMERICA",2019
"744","Mantis religiosa",-88.10953,42.565972,"NORTH_AMERICA",2019
"745","Mantis religiosa",-101.902704,39.327755,"NORTH_AMERICA",2019
"746","Mantis religiosa",-122.550872,46.548058,"NORTH_AMERICA",2019
"747","Mantis religiosa",-122.737755,45.919611,"NORTH_AMERICA",2018
"748","Mantis religiosa",-101.807397,39.767687,"NORTH_AMERICA",2019
"749","Mantis religiosa",-104.830381,38.730508,"NORTH_AMERICA",2018
"750","Mantis religiosa",-119.047858,36.078778,"NORTH_AMERICA",2019
"751","Mantis religiosa",-73.764775,42.645726,"NORTH_AMERICA",2019
"752","Mantis religiosa",-75.149582,40.665006,"NORTH_AMERICA",2019
"753","Mantis religiosa",-105.301007,40.223886,"NORTH_AMERICA",2019
"754","Mantis religiosa",-74.769867,40.220987,"NORTH_AMERICA",2018
"755","Mantis religiosa",-79.708774,43.035179,"NORTH_AMERICA",2019
"756","Mantis religiosa",-112.28923,40.503423,"NORTH_AMERICA",2019
"757","Mantis religiosa",-112.071817,41.648987,"NORTH_AMERICA",2019
"758","Mantis religiosa",-74.401279,40.684108,"NORTH_AMERICA",2018
"759","Mantis religiosa",-116.936914,43.789283,"NORTH_AMERICA",2019
"760","Mantis religiosa",-73.72567,41.789852,"NORTH_AMERICA",2019
"761","Mantis religiosa",-122.21961,40.183154,"NORTH_AMERICA",2019
"762","Mantis religiosa",-82.743164,42.800659,"NORTH_AMERICA",2019
"763","Mantis religiosa",-72.966579,45.272602,"NORTH_AMERICA",2019
"764","Mantis religiosa",-104.218017,42.022792,"NORTH_AMERICA",2019
"765","Mantis religiosa",-121.412523,41.099659,"NORTH_AMERICA",2019
"766","Mantis religiosa",-123.270666,43.020309,"NORTH_AMERICA",2019
"767","Mantis religiosa",-105.311173,40.689824,"NORTH_AMERICA",2019
"768","Mantis religiosa",-114.375563,43.703063,"NORTH_AMERICA",2019
"769","Mantis religiosa",-114.91661,44.750987,"NORTH_AMERICA",2019
"770","Mantis religiosa",-118.15305,37.282932,"NORTH_AMERICA",2019
"771","Mantis religiosa",-118.348259,42.678106,"NORTH_AMERICA",2019
"772","Mantis religiosa",-86.511523,44.044326,"NORTH_AMERICA",2019
"773","Mantis religiosa",-108.51572,39.08837,"NORTH_AMERICA",2019
"774","Mantis religiosa",-104.818299,41.119424,"NORTH_AMERICA",2013
"775","Mantis religiosa",-116.13212,45.405398,"NORTH_AMERICA",2019
"776","Mantis religiosa",-121.446517,37.187195,"NORTH_AMERICA",2011
"777","Mantis religiosa",-75.487899,45.426109,"NORTH_AMERICA",2019
"778","Mantis religiosa",-96.706325,40.825196,"NORTH_AMERICA",2019
"779","Mantis religiosa",-116.748193,45.76342,"NORTH_AMERICA",2019
"780","Mantis religiosa",-83.001697,42.273336,"NORTH_AMERICA",2019
"781","Mantis religiosa",-107.97875,38.490639,"NORTH_AMERICA",2019
"782","Mantis religiosa",-117.959923,46.488682,"NORTH_AMERICA",2019
"783","Mantis religiosa",-117.84339,44.789244,"NORTH_AMERICA",2017
"784","Mantis religiosa",-121.772965,36.916311,"NORTH_AMERICA",2012
"785","Mantis religiosa",-69.784782,44.23849,"NORTH_AMERICA",2019
"786","Mantis religiosa",-122.388557,46.289907,"NORTH_AMERICA",2019
"787","Mantis religiosa",-119.848399,44.12197,"NORTH_AMERICA",2019
"788","Mantis religiosa",-120.767455,47.707403,"NORTH_AMERICA",2019
"789","Mantis religiosa",-81.289122,44.977363,"NORTH_AMERICA",2019
"790","Mantis religiosa",-85.236522,43.085065,"NORTH_AMERICA",2019
"791","Mantis religiosa",-87.39316,41.447429,"NORTH_AMERICA",2019
"792","Mantis religiosa",-109.583125,40.47751,"NORTH_AMERICA",2019
"793","Mantis religiosa",-79.374183,44.919643,"NORTH_AMERICA",2017
"794","Mantis religiosa",-69.200341,44.755431,"NORTH_AMERICA",2019
"795","Mantis religiosa",-100.855906,39.127156,"NORTH_AMERICA",2019
"796","Mantis religiosa",-76.221462,44.279765,"NORTH_AMERICA",2019
"797","Mantis religiosa",-103.774383,40.264317,"NORTH_AMERICA",2014
"798","Mantis religiosa",-80.533387,44.58765,"NORTH_AMERICA",2019
"799","Mantis religiosa",-108.432899,35.48077,"NORTH_AMERICA",2019
"800","Mantis religiosa",-109.532045,38.002087,"NORTH_AMERICA",2019
"801","Mantis religiosa",-102.061066,39.647316,"NORTH_AMERICA",2019
"802","Mantis religiosa",-85.132327,42.277635,"NORTH_AMERICA",2019
"803","Mantis religiosa",-119.117893,37.955029,"NORTH_AMERICA",2019
"804","Mantis religiosa",-88.117894,42.137958,"NORTH_AMERICA",2019
"805","Mantis religiosa",-79.112594,42.991315,"NORTH_AMERICA",2017
"806","Mantis religiosa",-121.491378,37.640942,"NORTH_AMERICA",2019
"807","Mantis religiosa",-73.625188,41.861702,"NORTH_AMERICA",2019
"808","Mantis religiosa",-85.609513,42.228547,"NORTH_AMERICA",2019
"809","Mantis religiosa",-73.839077,42.168139,"NORTH_AMERICA",2019
"810","Mantis religiosa",-78.860565,42.722862,"NORTH_AMERICA",2019
"811","Mantis religiosa",-98.396494,43.098511,"NORTH_AMERICA",2019
"812","Mantis religiosa",-122.324776,41.294149,"NORTH_AMERICA",2018
"813","Mantis religiosa",-121.321137,44.049656,"NORTH_AMERICA",2019
"814","Mantis religiosa",-117.979271,47.883389,"NORTH_AMERICA",2019
"815","Mantis religiosa",-77.82308,42.789857,"NORTH_AMERICA",2019
"816","Mantis religiosa",-94.03939,39.554014,"NORTH_AMERICA",2019
"817","Mantis religiosa",-108.932128,40.647105,"NORTH_AMERICA",2019
"818","Mantis religiosa",-117.699285,49.209079,"NORTH_AMERICA",2004
"819","Mantis religiosa",-96.245003,41.254192,"NORTH_AMERICA",2019
"820","Mantis religiosa",-85.243199,42.886488,"NORTH_AMERICA",2019
"821","Mantis religiosa",-102.947752,44.10697,"NORTH_AMERICA",2019
"822","Mantis religiosa",-103.263561,41.69134,"NORTH_AMERICA",2019
"823","Mantis religiosa",-111.748409,40.778452,"NORTH_AMERICA",2019
"824","Mantis religiosa",-82.51,41.94,"NORTH_AMERICA",2010
"825","Mantis religiosa",-73.411072,44.34872,"NORTH_AMERICA",2019
"826","Mantis religiosa",-120.125546,44.071092,"NORTH_AMERICA",2019
"827","Mantis religiosa",-80.126882,40.5915,"NORTH_AMERICA",2019
"828","Mantis religiosa",-76.189492,43.137147,"NORTH_AMERICA",2019
"829","Mantis religiosa",-74.908962,42.794357,"NORTH_AMERICA",2019
"830","Mantis religiosa",-80.831539,44.064177,"NORTH_AMERICA",2019
"831","Mantis religiosa",-69.291847,44.590558,"NORTH_AMERICA",2019
"832","Mantis religiosa",-80.711509,44.269077,"NORTH_AMERICA",2019
"833","Mantis religiosa",-75.157735,44.593505,"NORTH_AMERICA",2019
"834","Mantis religiosa",-72.232276,42.344697,"NORTH_AMERICA",2019
"835","Mantis religiosa",-75.928325,45.646637,"NORTH_AMERICA",2019
"836","Mantis religiosa",-124.10286,40.482706,"NORTH_AMERICA",2016
"837","Mantis religiosa",-75.591513,39.569058,"NORTH_AMERICA",2017
"838","Mantis religiosa",-77.255105,45.886819,"NORTH_AMERICA",2019
"839","Mantis religiosa",-112.243332,41.040554,"NORTH_AMERICA",2018
"840","Mantis religiosa",-84.290425,43.598185,"NORTH_AMERICA",2017
"841","Mantis religiosa",-75.28476,45.543889,"NORTH_AMERICA",2019
"842","Mantis religiosa",-121.503296,45.812051,"NORTH_AMERICA",2017
"843","Mantis religiosa",-121.374175,38.037331,"NORTH_AMERICA",2015
"844","Mantis religiosa",-117.150848,46.867053,"NORTH_AMERICA",2019
"845","Mantis religiosa",-123.37139,43.39073,"NORTH_AMERICA",2018
"846","Mantis religiosa",-80.648251,41.931776,"NORTH_AMERICA",2019
"847","Mantis religiosa",-109.466474,41.529093,"NORTH_AMERICA",2019
"848","Mantis religiosa",-101.94186,33.586762,"NORTH_AMERICA",2019
"849","Mantis religiosa",-77.543286,45.615162,"NORTH_AMERICA",2019
"850","Mantis religiosa",-81.505403,41.408579,"NORTH_AMERICA",2016
"851","Mantis religiosa",-83.26107,42.823672,"NORTH_AMERICA",2019
"852","Mantis religiosa",-73.258492,41.471988,"NORTH_AMERICA",2019
"853","Mantis religiosa",-105.937799,35.686975,"NORTH_AMERICA",2008
"854","Mantis religiosa",-85.323214,51.273774,"NORTH_AMERICA",2019
"855","Mantis religiosa",-120.921959,45.849602,"NORTH_AMERICA",2019
"856","Mantis religiosa",-116.888509,47.335204,"NORTH_AMERICA",2019
"857","Mantis religiosa",-104.331392,44.295842,"NORTH_AMERICA",2017
"858","Mantis religiosa",-84.68522,42.846112,"NORTH_AMERICA",2019
"859","Mantis religiosa",-123.383183,46.203163,"NORTH_AMERICA",2019
"860","Mantis religiosa",-122.405188,45.170383,"NORTH_AMERICA",2019
"861","Mantis religiosa",-118.979265,43.44175,"NORTH_AMERICA",2019
"862","Mantis religiosa",-76.740588,42.967136,"NORTH_AMERICA",2019
"863","Mantis religiosa",-86.924138,45.39727,"NORTH_AMERICA",2019
"864","Mantis religiosa",-85.098328,42.771187,"NORTH_AMERICA",2019
"865","Mantis religiosa",-72.59639,43.004444,"NORTH_AMERICA",2019
"866","Mantis religiosa",-79.34881,45.042804,"NORTH_AMERICA",2019
"867","Mantis religiosa",-117.712724,34.150992,"NORTH_AMERICA",2019
"868","Mantis religiosa",-75.665887,39.539383,"NORTH_AMERICA",2019
"869","Mantis religiosa",-81.174939,41.792109,"NORTH_AMERICA",2019
"870","Mantis religiosa",-80.613724,43.831363,"NORTH_AMERICA",2019
"871","Mantis religiosa",-85.395129,44.269096,"NORTH_AMERICA",2019
"872","Mantis religiosa",-86.485569,42.109766,"NORTH_AMERICA",2019
"873","Mantis religiosa",-75.647265,44.36943,"NORTH_AMERICA",2019
"874","Mantis religiosa",-81.199225,43.452137,"NORTH_AMERICA",2019
"875","Mantis religiosa",-81.1769,41.788425,"NORTH_AMERICA",2016
"876","Mantis religiosa",-82.135755,43.071091,"NORTH_AMERICA",2019
"877","Mantis religiosa",-85.782063,44.691347,"NORTH_AMERICA",2019
"878","Mantis religiosa",-83.593928,41.58149,"NORTH_AMERICA",2011
"879","Mantis religiosa",-75.028642,39.676188,"NORTH_AMERICA",2018
"880","Mantis religiosa",-76.282738,43.45515,"NORTH_AMERICA",2019
"881","Mantis religiosa",-81.024453,41.440813,"NORTH_AMERICA",2019
"882","Mantis religiosa",-117.041694,46.343345,"NORTH_AMERICA",2019
"883","Mantis religiosa",-121.561521,45.71181,"NORTH_AMERICA",2019
"884","Mantis religiosa",-85.499958,43.048502,"NORTH_AMERICA",2019
"885","Mantis religiosa",-80.487587,42.957802,"NORTH_AMERICA",2019
"886","Mantis religiosa",-117.526844,41.611417,"NORTH_AMERICA",2019
"887","Mantis religiosa",-113.557762,37.211497,"NORTH_AMERICA",2019
"888","Mantis religiosa",-113.246569,37.04035,"NORTH_AMERICA",2019
"889","Mantis religiosa",-80.27969,42.417171,"NORTH_AMERICA",2019
"890","Mantis religiosa",-123.392213,42.412845,"NORTH_AMERICA",2019
"891","Mantis religiosa",-112.011939,42.619053,"NORTH_AMERICA",2019
"892","Mantis religiosa",-72.521616,42.987018,"NORTH_AMERICA",2013
"893","Mantis religiosa",-118.511703,34.415742,"NORTH_AMERICA",2019
"894","Mantis religiosa",-120.526618,38.626864,"NORTH_AMERICA",2019
"895","Mantis religiosa",-106.659251,34.950992,"NORTH_AMERICA",2019
"896","Mantis religiosa",-122.372626,41.907951,"NORTH_AMERICA",2019
"897","Mantis religiosa",-87.75688,41.542325,"NORTH_AMERICA",2019
"898","Mantis religiosa",-120.65283,37.891105,"NORTH_AMERICA",2018
"899","Mantis religiosa",-112.394468,42.751237,"NORTH_AMERICA",2017
"900","Mantis religiosa",-103.763043,37.453412,"NORTH_AMERICA",2018
"901","Mantis religiosa",-75.074958,39.404622,"NORTH_AMERICA",2018
"902","Mantis religiosa",-81.811505,42.650763,"NORTH_AMERICA",2018
"903","Mantis religiosa",-121.295982,36.267021,"NORTH_AMERICA",2018
"904","Mantis religiosa",-81.837487,41.449795,"NORTH_AMERICA",2018
"905","Mantis religiosa",-80.028703,45.337708,"NORTH_AMERICA",2013
"906","Mantis religiosa",-112.443645,41.470926,"NORTH_AMERICA",2018
"907","Mantis religiosa",-121.082911,37.21771,"NORTH_AMERICA",2018
"908","Mantis religiosa",-112.55097,41.617484,"NORTH_AMERICA",2018
"909","Mantis religiosa",-79.119201,42.600807,"NORTH_AMERICA",2018
"910","Mantis religiosa",-85.390907,42.409989,"NORTH_AMERICA",2018
"911","Mantis religiosa",-82.414619,35.177956,"NORTH_AMERICA",2018
"912","Mantis religiosa",-122.398095,40.917417,"NORTH_AMERICA",2018
"913","Mantis religiosa",-118.846337,36.492522,"NORTH_AMERICA",2018
"914","Mantis religiosa",-123.047285,46.862988,"NORTH_AMERICA",2018
"915","Mantis religiosa",-119.162931,38.985739,"NORTH_AMERICA",2018
"916","Mantis religiosa",-120.187771,48.559486,"NORTH_AMERICA",2018
"917","Mantis religiosa",-76.1091,39.545476,"NORTH_AMERICA",2018
"918","Mantis religiosa",-77.607224,39.924721,"NORTH_AMERICA",2017
"919","Mantis religiosa",-104.74948,37.820278,"NORTH_AMERICA",2018
"920","Mantis religiosa",-121.569211,45.533813,"NORTH_AMERICA",2018
"921","Mantis religiosa",-120.457108,41.221516,"NORTH_AMERICA",2018
"922","Mantis religiosa",-104.924485,36.554131,"NORTH_AMERICA",2018
"923","Mantis religiosa",-109.006285,40.245425,"NORTH_AMERICA",2018
"924","Mantis religiosa",-112.986579,42.67749,"NORTH_AMERICA",2018
"925","Mantis religiosa",-82.666785,41.769349,"NORTH_AMERICA",2018
"926","Mantis religiosa",-114.157769,43.3136,"NORTH_AMERICA",2018
"927","Mantis religiosa",-76.254997,44.766666,"NORTH_AMERICA",2018
"928","Mantis religiosa",-84.5841,43.291325,"NORTH_AMERICA",2018
"929","Mantis religiosa",-82.48193,34.826392,"NORTH_AMERICA",2018
"930","Mantis religiosa",-111.50209,40.030445,"NORTH_AMERICA",2018
"931","Mantis religiosa",-77.390665,40.530885,"NORTH_AMERICA",2013
"932","Mantis religiosa",-75.293676,41.456039,"NORTH_AMERICA",2018
"933","Mantis religiosa",-121.733987,42.292924,"NORTH_AMERICA",2018
"934","Mantis religiosa",-119.999444,39.959627,"NORTH_AMERICA",2018
"935","Mantis religiosa",-105.205178,35.622047,"NORTH_AMERICA",2018
"936","Mantis religiosa",-120.179861,34.608581,"NORTH_AMERICA",2018
"937","Mantis religiosa",-79.862261,41.601229,"NORTH_AMERICA",2018
"938","Mantis religiosa",-85.102811,41.148723,"NORTH_AMERICA",2018
"939","Mantis religiosa",-115.93242,40.762661,"NORTH_AMERICA",2018
"940","Mantis religiosa",-77.66292,42.345322,"NORTH_AMERICA",2018
"941","Mantis religiosa",-79.361094,43.024808,"NORTH_AMERICA",2018
"942","Mantis religiosa",-77.002931,40.247637,"NORTH_AMERICA",2018
"943","Mantis religiosa",-71.826311,42.295554,"NORTH_AMERICA",2018
"944","Mantis religiosa",-122.46179,42.25731,"NORTH_AMERICA",2018
"945","Mantis religiosa",-111.868098,42.099077,"NORTH_AMERICA",2018
"946","Mantis religiosa",-111.706172,42.308891,"NORTH_AMERICA",2018
"947","Mantis religiosa",-123.331895,38.94992,"NORTH_AMERICA",2018
"948","Mantis religiosa",-122.143771,44.281186,"NORTH_AMERICA",2018
"949","Mantis religiosa",-119.508967,48.150693,"NORTH_AMERICA",2018
"950","Mantis religiosa",-83.021771,40.139108,"NORTH_AMERICA",2018
"951","Mantis religiosa",-121.178725,44.300913,"NORTH_AMERICA",2018
"952","Mantis religiosa",-68.823456,44.64991,"NORTH_AMERICA",2018
"953","Mantis religiosa",-111.797434,40.046185,"NORTH_AMERICA",2018
"954","Mantis religiosa",-85.335113,45.268312,"NORTH_AMERICA",2018
"955","Mantis religiosa",-121.345132,45.69692,"NORTH_AMERICA",2018
"956","Mantis religiosa",-121.50502,36.341195,"NORTH_AMERICA",2018
"957","Mantis religiosa",-74.085241,40.233938,"NORTH_AMERICA",2018
"958","Mantis religiosa",-75.041252,45.569734,"NORTH_AMERICA",2018
"959","Mantis religiosa",-115.787609,45.463238,"NORTH_AMERICA",2018
"960","Mantis religiosa",-74.16507,41.144966,"NORTH_AMERICA",2018
"961","Mantis religiosa",-69.704216,44.028126,"NORTH_AMERICA",2018
"962","Mantis religiosa",-74.252086,44.43333,"NORTH_AMERICA",2018
"963","Mantis religiosa",-114.295175,43.516311,"NORTH_AMERICA",2018
"964","Mantis religiosa",-123.978581,47.063311,"NORTH_AMERICA",2018
"965","Mantis religiosa",-77.003661,42.875483,"NORTH_AMERICA",2018
"966","Mantis religiosa",-120.495905,47.058783,"NORTH_AMERICA",2018
"967","Mantis religiosa",-84.428576,45.643353,"NORTH_AMERICA",2018
"968","Mantis religiosa",-79.938878,40.969201,"NORTH_AMERICA",2018
"969","Mantis religiosa",-121.013563,44.058529,"NORTH_AMERICA",2018
"970","Mantis religiosa",-82.270689,41.069174,"NORTH_AMERICA",2018
"971","Mantis religiosa",-113.669788,42.136442,"NORTH_AMERICA",2018
"972","Mantis religiosa",-119.05601,40.910733,"NORTH_AMERICA",2018
"973","Mantis religiosa",-78.434603,41.854216,"NORTH_AMERICA",2018
"974","Mantis religiosa",-82.880527,42.553669,"NORTH_AMERICA",2018
"975","Mantis religiosa",-122.996475,46.091976,"NORTH_AMERICA",2018
"976","Mantis religiosa",-71.630259,42.291647,"NORTH_AMERICA",2018
"977","Mantis religiosa",-117.229111,45.339116,"NORTH_AMERICA",2018
"978","Mantis religiosa",-97.110212,44.012486,"NORTH_AMERICA",2018
"979","Mantis religiosa",-71.616461,43.102582,"NORTH_AMERICA",2018
"980","Mantis religiosa",-79.953968,42.123748,"NORTH_AMERICA",2018
"981","Mantis religiosa",-70.585381,44.283688,"NORTH_AMERICA",2018
"982","Mantis religiosa",-116.88176,44.672351,"NORTH_AMERICA",2018
"983","Mantis religiosa",-118.090139,37.330645,"NORTH_AMERICA",2016
"984","Mantis religiosa",-118.538625,37.272977,"NORTH_AMERICA",2018
"985","Mantis religiosa",-104.379781,41.657741,"NORTH_AMERICA",2018
"986","Mantis religiosa",-121.013218,39.852721,"NORTH_AMERICA",2018
"987","Mantis religiosa",-118.213391,33.977662,"NORTH_AMERICA",2017
"988","Mantis religiosa",-81.901944,45.677222,"NORTH_AMERICA",2017
"989","Mantis religiosa",-103.508166,38.715816,"NORTH_AMERICA",2017
"990","Mantis religiosa",-83.893032,41.441018,"NORTH_AMERICA",2017
"991","Mantis religiosa",-123.023444,44.74313,"NORTH_AMERICA",2017
"992","Mantis religiosa",-82.393854,42.585597,"NORTH_AMERICA",2017
"993","Mantis religiosa",-112.388856,37.127128,"NORTH_AMERICA",2017
"994","Mantis religiosa",-107.796669,39.538055,"NORTH_AMERICA",2017
"995","Mantis religiosa",-118.3783,34.6431,"NORTH_AMERICA",2017
"996","Mantis religiosa",-123.096102,46.74256,"NORTH_AMERICA",2017
"997","Mantis religiosa",-117.284722,49.498056,"NORTH_AMERICA",2017
"998","Mantis religiosa",-114.628173,42.794036,"NORTH_AMERICA",2017
"999","Mantis religiosa",-109.575326,37.305643,"NORTH_AMERICA",2017
"1000","Mantis religiosa",-119.457908,50.91227,"NORTH_AMERICA",2017
"1001","Mantis religiosa",-117.515892,44.573028,"NORTH_AMERICA",2017
"1002","Mantis religiosa",-86.10495,42.790255,"NORTH_AMERICA",2017
"1003","Mantis religiosa",-115.867741,42.901424,"NORTH_AMERICA",2017
"1004","Mantis religiosa",-120.053703,47.83633,"NORTH_AMERICA",2017
"1005","Mantis religiosa",-78.927179,44.856972,"NORTH_AMERICA",2017
"1006","Mantis religiosa",-120.542455,41.487115,"NORTH_AMERICA",2017
"1007","Mantis religiosa",-103.469541,42.670472,"NORTH_AMERICA",2017
"1008","Mantis religiosa",-123.258546,44.963614,"NORTH_AMERICA",2017
"1009","Mantis religiosa",-120.470345,44.916616,"NORTH_AMERICA",2017
"1010","Mantis religiosa",-103.718898,38.049937,"NORTH_AMERICA",2017
"1011","Mantis religiosa",-119.655586,42.549171,"NORTH_AMERICA",2017
"1012","Mantis religiosa",-104.962343,39.519352,"NORTH_AMERICA",2016
"1013","Mantis religiosa",-118.683161,45.644877,"NORTH_AMERICA",2017
"1014","Mantis religiosa",-79.994348,45.178366,"NORTH_AMERICA",2017
"1015","Mantis religiosa",-86.724701,41.189857,"NORTH_AMERICA",2017
"1016","Mantis religiosa",-109.827142,38.938247,"NORTH_AMERICA",2017
"1017","Mantis religiosa",-118.493377,34.953222,"NORTH_AMERICA",2017
"1018","Mantis religiosa",-118.844043,43.265837,"NORTH_AMERICA",2017
"1019","Mantis religiosa",-104.581044,38.280666,"NORTH_AMERICA",2017
"1020","Mantis religiosa",-81.667227,42.980157,"NORTH_AMERICA",2017
"1021","Mantis religiosa",-73.891431,45.797517,"NORTH_AMERICA",2017
"1022","Mantis religiosa",-88.127563,42.349959,"NORTH_AMERICA",2017
"1023","Mantis religiosa",-104.710119,44.587372,"NORTH_AMERICA",2017
"1024","Mantis religiosa",-116.74889,47.35089,"NORTH_AMERICA",2017
"1025","Mantis religiosa",-124.020278,41.363611,"NORTH_AMERICA",2016
"1026","Mantis religiosa",-83.076007,40.241099,"NORTH_AMERICA",2017
"1027","Mantis religiosa",-74.786339,45.014938,"NORTH_AMERICA",2017
"1028","Mantis religiosa",-81.975532,41.001016,"NORTH_AMERICA",2017
"1029","Mantis religiosa",-85.743188,44.817147,"NORTH_AMERICA",2016
"1030","Mantis religiosa",-116.005744,46.210817,"NORTH_AMERICA",2017
"1031","Mantis religiosa",-120.040726,34.700146,"NORTH_AMERICA",2017
"1032","Mantis religiosa",-123.483494,47.003151,"NORTH_AMERICA",2017
"1033","Mantis religiosa",-100.832295,46.833375,"NORTH_AMERICA",2017
"1034","Mantis religiosa",-82.953077,41.403574,"NORTH_AMERICA",2017
"1035","Mantis religiosa",-77.711094,43.997299,"NORTH_AMERICA",2017
"1036","Mantis religiosa",-86.121751,42.836953,"NORTH_AMERICA",2017
"1037","Mantis religiosa",-82.00222,42.950832,"NORTH_AMERICA",2017
"1038","Mantis religiosa",-83.83064,42.480201,"NORTH_AMERICA",2017
"1039","Mantis religiosa",-71.76487,42.83883,"NORTH_AMERICA",2017
"1040","Mantis religiosa",-75.055694,41.671775,"NORTH_AMERICA",2017
"1041","Mantis religiosa",-81.142188,44.466836,"NORTH_AMERICA",2016
"1042","Mantis religiosa",-76.320773,43.446133,"NORTH_AMERICA",2007
"1043","Mantis religiosa",-121.141949,37.454858,"NORTH_AMERICA",2016
"1044","Mantis religiosa",-121.518145,40.801707,"NORTH_AMERICA",2016
"1045","Mantis religiosa",-120.76767,40.204353,"NORTH_AMERICA",2016
"1046","Mantis religiosa",-121.008341,36.491338,"NORTH_AMERICA",2016
"1047","Mantis religiosa",-81.202242,41.021389,"NORTH_AMERICA",2016
"1048","Mantis religiosa",-120.195833,37.826389,"NORTH_AMERICA",2016
"1049","Mantis religiosa",-114.70584,42.475121,"NORTH_AMERICA",2016
"1050","Mantis religiosa",-79.753183,44.893838,"NORTH_AMERICA",2009
"1051","Mantis religiosa",-122.513667,41.633713,"NORTH_AMERICA",2016
"1052","Mantis religiosa",-119.789642,38.726117,"NORTH_AMERICA",2016
"1053","Mantis religiosa",-87.708731,41.513006,"NORTH_AMERICA",2016
"1054","Mantis religiosa",-109.294922,38.568611,"NORTH_AMERICA",2016
"1055","Mantis religiosa",-76.850336,39.60665,"NORTH_AMERICA",2016
"1056","Mantis religiosa",-118.520623,39.530405,"NORTH_AMERICA",2016
"1057","Mantis religiosa",-85.636574,45.123521,"NORTH_AMERICA",2016
"1058","Mantis religiosa",-78.116912,43.19314,"NORTH_AMERICA",2016
"1059","Mantis religiosa",-110.167253,38.99522,"NORTH_AMERICA",2016
"1060","Mantis religiosa",-95.902385,41.126189,"NORTH_AMERICA",2016
"1061","Mantis religiosa",-87.989762,43.301838,"NORTH_AMERICA",2016
"1062","Mantis religiosa",-75.034053,40.303427,"NORTH_AMERICA",2015
"1063","Mantis religiosa",-121.609833,40.347689,"NORTH_AMERICA",2016
"1064","Mantis religiosa",-103.399425,44.31629,"NORTH_AMERICA",2016
"1065","Mantis religiosa",-103.537989,41.233855,"NORTH_AMERICA",2016
"1066","Mantis religiosa",-72.549441,43.057161,"NORTH_AMERICA",2016
"1067","Mantis religiosa",-75.299518,43.104721,"NORTH_AMERICA",2016
"1068","Mantis religiosa",-72.694585,46.610479,"NORTH_AMERICA",2016
"1069","Mantis religiosa",-71.579491,44.165103,"NORTH_AMERICA",2016
"1070","Mantis religiosa",-79.144714,45.060123,"NORTH_AMERICA",2016
"1071","Mantis religiosa",-76.925603,45.786727,"NORTH_AMERICA",2016
"1072","Mantis religiosa",-107.590728,37.242081,"NORTH_AMERICA",2016
"1073","Mantis religiosa",-73.088634,45.068126,"NORTH_AMERICA",2016
"1074","Mantis religiosa",-120.544692,46.581125,"NORTH_AMERICA",2013
"1075","Mantis religiosa",-72.605505,41.401072,"NORTH_AMERICA",2016
"1076","Mantis religiosa",-72.588392,43.854085,"NORTH_AMERICA",2013
"1077","Mantis religiosa",-122.043433,39.190338,"NORTH_AMERICA",2016
"1078","Mantis religiosa",-86.05085,44.887822,"NORTH_AMERICA",2016
"1079","Mantis religiosa",-72.621725,45.191495,"NORTH_AMERICA",2016
"1080","Mantis religiosa",-123.974678,40.057755,"NORTH_AMERICA",2016
"1081","Mantis religiosa",-104.752808,39.940097,"NORTH_AMERICA",2016
"1082","Mantis religiosa",-112.694727,43.321979,"NORTH_AMERICA",2016
"1083","Mantis religiosa",-86.057472,44.770145,"NORTH_AMERICA",2016
"1084","Mantis religiosa",-106.033042,38.534733,"NORTH_AMERICA",2016
"1085","Mantis religiosa",-72.948508,43.646456,"NORTH_AMERICA",2013
"1086","Mantis religiosa",-121.484409,39.433867,"NORTH_AMERICA",2016
"1087","Mantis religiosa",-75.291278,43.105348,"NORTH_AMERICA",2016
"1088","Mantis religiosa",-104.85602,38.304401,"NORTH_AMERICA",2016
"1089","Mantis religiosa",-118.019213,34.199925,"NORTH_AMERICA",2015
"1090","Mantis religiosa",-79.912828,40.430062,"NORTH_AMERICA",2015
"1091","Mantis religiosa",-105.092758,39.52873,"NORTH_AMERICA",2015
"1092","Mantis religiosa",-122.891753,40.85777,"NORTH_AMERICA",2015
"1093","Mantis religiosa",-116.678572,43.870413,"NORTH_AMERICA",2015
"1094","Mantis religiosa",-74.698955,41.293424,"NORTH_AMERICA",2015
"1095","Mantis religiosa",-117.54781,47.902034,"NORTH_AMERICA",2015
"1096","Mantis religiosa",-122.436037,38.574413,"NORTH_AMERICA",2015
"1097","Mantis religiosa",-118.259282,46.062035,"NORTH_AMERICA",2015
"1098","Mantis religiosa",-102.3108,39.811565,"NORTH_AMERICA",2015
"1099","Mantis religiosa",-120.310317,38.274497,"NORTH_AMERICA",2015
"1100","Mantis religiosa",-73.014214,44.664319,"NORTH_AMERICA",2015
"1101","Mantis religiosa",-112.598612,37.311722,"NORTH_AMERICA",2015
"1102","Mantis religiosa",-79.347713,42.449244,"NORTH_AMERICA",2015
"1103","Mantis religiosa",-89.895,18.564444,"NORTH_AMERICA",2013
"1104","Mantis religiosa",-119.52464,49.32929,"NORTH_AMERICA",2014
"1105","Mantis religiosa",-85.657729,43.466756,"NORTH_AMERICA",2014
"1106","Mantis religiosa",-89.900833,18.534722,"NORTH_AMERICA",2014
"1107","Mantis religiosa",-82.491603,43.107855,"NORTH_AMERICA",2014
"1108","Mantis religiosa",-72.079483,42.642313,"NORTH_AMERICA",2014
"1109","Mantis religiosa",-123.501549,43.876861,"NORTH_AMERICA",2014
"1110","Mantis religiosa",-82.113801,46.128606,"NORTH_AMERICA",2014
"1111","Mantis religiosa",-77.719388,43.32234,"NORTH_AMERICA",2014
"1112","Mantis religiosa",-122.712729,47.072769,"NORTH_AMERICA",2014
"1113","Mantis religiosa",-72.500196,43.686262,"NORTH_AMERICA",2014
"1114","Mantis religiosa",-72.573667,44.285028,"NORTH_AMERICA",2014
"1115","Mantis religiosa",-118.445181,34.068921,"NORTH_AMERICA",2014
"1116","Mantis religiosa",-117.5976,49.005762,"NORTH_AMERICA",2014
"1117","Mantis religiosa",-82.54186,45.87021,"NORTH_AMERICA",2010
"1118","Mantis religiosa",-122.696337,45.291576,"NORTH_AMERICA",2014
"1119","Mantis religiosa",-70.491956,43.924218,"NORTH_AMERICA",2014
"1120","Mantis religiosa",-123.31084,44.08044,"NORTH_AMERICA",2014
"1121","Mantis religiosa",-117.080496,39.506743,"NORTH_AMERICA",2013
"1122","Mantis religiosa",-122.410291,39.097473,"NORTH_AMERICA",2013
"1123","Mantis religiosa",-116.333924,45.889367,"NORTH_AMERICA",2013
"1124","Mantis religiosa",-75.892579,41.340711,"NORTH_AMERICA",2013
"1125","Mantis religiosa",-80.531931,44.478626,"NORTH_AMERICA",2013
"1126","Mantis religiosa",-121.250862,44.762788,"NORTH_AMERICA",2013
"1127","Mantis religiosa",-73.527338,45.045182,"NORTH_AMERICA",2013
"1128","Mantis religiosa",-75.896947,41.756955,"NORTH_AMERICA",2013
"1129","Mantis religiosa",-72.210678,43.808365,"NORTH_AMERICA",2013
"1130","Mantis religiosa",-97.625177,20.104723,"NORTH_AMERICA",2013
"1131","Mantis religiosa",-82.605664,45.761575,"NORTH_AMERICA",2013
"1132","Mantis religiosa",-74.431972,45.516646,"NORTH_AMERICA",2013
"1133","Mantis religiosa",-122.00221,40.431848,"NORTH_AMERICA",2013
"1134","Mantis religiosa",-79.169964,42.020426,"NORTH_AMERICA",2012
"1135","Mantis religiosa",-103.825921,43.732489,"NORTH_AMERICA",2012
"1136","Mantis religiosa",-119.797745,36.767841,"NORTH_AMERICA",2012
"1137","Mantis religiosa",-113.212676,40.188681,"NORTH_AMERICA",2012
"1138","Mantis religiosa",-71.964,42.2389,"NORTH_AMERICA",2012
"1139","Mantis religiosa",-79.298608,41.203956,"NORTH_AMERICA",2012
"1140","Mantis religiosa",-72.602825,46.396748,"NORTH_AMERICA",2012
"1141","Mantis religiosa",-80.201728,40.809509,"NORTH_AMERICA",2012
"1142","Mantis religiosa",-105.239727,38.581662,"NORTH_AMERICA",2012
"1143","Mantis religiosa",-118.305045,35.669012,"NORTH_AMERICA",2012
"1144","Mantis religiosa",-118.402404,42.518675,"NORTH_AMERICA",2012
"1145","Mantis religiosa",-72.721119,45.312397,"NORTH_AMERICA",2012
"1146","Mantis religiosa",-112.977465,37.371661,"NORTH_AMERICA",2012
"1147","Mantis religiosa",-118.905833,35.2585,"NORTH_AMERICA",2012
"1148","Mantis religiosa",-94.630115,33.746966,"NORTH_AMERICA",2011
"1149","Mantis religiosa",-120.93,37.309,"NORTH_AMERICA",2011
"1150","Mantis religiosa",-109.046651,35.761408,"NORTH_AMERICA",2011
"1151","Mantis religiosa",-85.004993,45.213643,"NORTH_AMERICA",2011
"1152","Mantis religiosa",-119.400518,34.9342,"NORTH_AMERICA",2010
"1153","Mantis religiosa",-72.246292,45.729329,"NORTH_AMERICA",2009
"1154","Mantis religiosa",-85.176909,44.973044,"NORTH_AMERICA",2009
"1155","Mantis religiosa",-85.755743,42.624073,"NORTH_AMERICA",2009
"1156","Mantis religiosa",-123.194847,39.492649,"NORTH_AMERICA",2009
"1157","Mantis religiosa",-118.655572,44.104491,"NORTH_AMERICA",2008
"1158","Mantis religiosa",-119.52919,48.699345,"NORTH_AMERICA",2008
"1159","Mantis religiosa",-77.223587,42.40785,"NORTH_AMERICA",2008
"1160","Mantis religiosa",-118.507964,45.60225,"NORTH_AMERICA",2007
"1161","Mantis religiosa",-82.519756,40.083331,"NORTH_AMERICA",2007
"1162","Mantis religiosa",-123.776308,39.58378,"NORTH_AMERICA",2007
"1163","Mantis religiosa",-117.244806,48.031824,"NORTH_AMERICA",2006
"1164","Mantis religiosa",-76.030476,43.142012,"NORTH_AMERICA",2006
"1165","Mantis religiosa",-118.565752,36.486367,"NORTH_AMERICA",2006
"1166","Mantis religiosa",-111.51705,40.325569,"NORTH_AMERICA",2006
"1167","Mantis religiosa",-73.344555,44.084872,"NORTH_AMERICA",2006
"1168","Mantis religiosa",-77.175883,42.169372,"NORTH_AMERICA",2005
"1169","Mantis religiosa",-117.45236,45.94596,"NORTH_AMERICA",2005
"1170","Mantis religiosa",-77.009471,45.503506,"NORTH_AMERICA",2004
"1171","Mantis religiosa",-78.49867,45.575619,"NORTH_AMERICA",2003
"1172","Mantis religiosa",-111.414833,37.793667,"NORTH_AMERICA",2003
"1173","Mantis religiosa",-108.68333,37.24972,"NORTH_AMERICA",2001
"1174","Mantis religiosa",-79.348768,42.259622,"NORTH_AMERICA",2000
"1175","Mantis religiosa",-84.176636,42.997805,"NORTH_AMERICA",1999
"1176","Mantis religiosa",-84.146028,43.128823,"NORTH_AMERICA",1997
"1177","Mantis religiosa",-100.977222,22.152778,"NORTH_AMERICA",1988
"1178","Mantis religiosa",-87.746515,41.929625,"NORTH_AMERICA",1987
"1179","Mantis religiosa",-102.474167,19.589444,"NORTH_AMERICA",1980
"1180","Mantis religiosa",-76.789728,41.7845,"NORTH_AMERICA",1974
"1181","Mantis religiosa",-72.8944,42.4617,"NORTH_AMERICA",1972
